"dataset","order","cycle","position","logical","target","originalIndex","previousTargetsExpansions","currentTargetExpansions","statesAfter","structuralRejects","beamSurvivorsSum","completeUniqueSurvivors","seeds","guardBefore","guardAfter"
"007","1","1","0","B1","BOTTOM:210","210","0","677","677","652","25","0","0","null","null"
"007","2","1","0","B1","BOTTOM:228","228","677","650","1327","626","24","0","0","null","null"
"007","3","1","0","B1","BOTTOM:243","243","1327","623","1950","600","23","0","0","null","null"
"007","4","1","0","B1","BOTTOM:260","260","1950","596","2546","574","22","0","0","null","null"
"007","5","1","0","B1","BOTTOM:262","262","2546","596","3142","574","22","0","0","null","null"
"007","6","1","0","B1","BOTTOM:299","299","3142","569","3711","548","21","0","0","null","null"
"007","7","1","0","B1","BOTTOM:321","321","3711","542","4253","522","20","0","0","null","null"
"007","8","1","0","B1","BOTTOM:346","346","4253","488","4741","470","18","0","0","null","null"
"007","9","1","0","B1","BOTTOM:353","353","4741","488","5229","470","18","0","0","null","null"
"007","10","1","0","B1","BOTTOM:391","391","5229","407","5636","392","15","0","0","null","null"
"007","11","1","0","B1","BOTTOM:405","405","5636","380","6016","366","14","0","0","null","null"
"007","12","1","0","B1","BOTTOM:426","426","6016","353","6369","340","13","0","0","null","null"
"007","13","1","0","B1","BOTTOM:438","438","6369","326","6695","314","12","0","0","null","null"
"007","14","1","0","B1","BOTTOM:445","445","6695","326","7021","314","12","0","0","null","null"
"007","15","1","0","B1","BOTTOM:450","450","7021","326","7347","314","12","0","0","null","null"
"007","16","1","0","B1","BOTTOM:480","480","7347","272","7619","262","10","0","0","null","null"
"007","17","1","0","B1","BOTTOM:500","500","7619","272","7891","262","10","0","0","null","null"
"007","18","1","0","B1","BOTTOM:511","511","7891","245","8136","236","9","0","0","null","null"
"007","19","1","0","B1","BOTTOM:529","529","8136","191","8327","184","7","0","0","null","null"
"007","20","1","0","B1","BOTTOM:530","530","8327","191","8518","184","7","0","0","null","null"
"007","21","1","0","B1","BOTTOM:564","564","8518","137","8655","132","5","0","0","null","null"
"007","22","1","0","B1","BOTTOM:585","585","8655","110","8765","106","4","0","0","null","null"
"007","23","1","0","B1","BOTTOM:595","595","8765","83","8848","80","3","0","0","null","null"
"007","24","1","0","B1","BOTTOM:609","609","8848","56","8904","54","2","0","0","null","null"
"007","25","1","0","B1","BOTTOM:611","611","8904","56","8960","54","2","0","0","null","null"
"007","26","1","0","B1","BOTTOM:641","641","8960","29","8989","28","1","0","0","null","null"
"007","27","1","1","T1","TOP:170","170","8989","27","9016","27","0","0","0","null","null"
"007","28","1","1","T1","TOP:640","640","9016","755","9771","703","52","0","0","null","null"
"007","29","1","2","B2","BOTTOM:169","169","9771","27","9798","27","0","0","0","null","null"
"007","30","1","2","B2","BOTTOM:210","210","9798","58","9856","54","4","0","0","null","null"
"007","31","2","0","B1","BOTTOM:210","210","0","2250","2250","1903","82","0","0","null","null"
"007","32","2","0","B1","BOTTOM:228","228","2250","2196","4446","1876","80","0","0","null","null"
"007","33","2","0","B1","BOTTOM:243","243","4446","2142","6588","1845","78","0","0","null","null"
"007","34","2","0","B1","BOTTOM:260","260","6588","2088","8676","1815","76","0","0","null","null"
"007","35","2","0","B1","BOTTOM:262","262","8676","2088","10764","1815","76","0","0","null","null"
"007","36","2","0","B1","BOTTOM:299","299","10764","2034","12798","1783","74","0","0","null","null"
"007","37","2","0","B1","BOTTOM:321","321","12798","1980","14778","1753","72","0","0","null","null"
"007","38","2","0","B1","BOTTOM:346","346","14778","1872","16650","1683","68","0","0","null","null"
"007","39","2","0","B1","BOTTOM:353","353","16650","1872","18522","1686","68","0","0","null","null"
"007","40","2","0","B1","BOTTOM:391","391","18522","1710","20232","1579","62","0","0","null","null"
"007","41","2","0","B1","BOTTOM:405","405","20232","1656","21888","1544","60","0","0","null","null"
"007","42","2","0","B1","BOTTOM:426","426","21888","1602","23490","1505","58","0","0","null","null"
"007","43","2","0","B1","BOTTOM:438","438","23490","1548","25038","1465","56","0","0","null","null"
"007","44","2","0","B1","BOTTOM:445","445","25038","1548","26586","1465","56","0","0","null","null"
"007","45","2","0","B1","BOTTOM:450","450","26586","1548","28134","1465","56","0","0","null","null"
"007","46","2","0","B1","BOTTOM:480","480","28134","1440","29574","1381","52","0","0","null","null"
"007","47","2","0","B1","BOTTOM:500","500","29574","1440","31014","1383","52","0","0","null","null"
"007","48","2","0","B1","BOTTOM:511","511","31014","1358","32372","1309","49","0","0","null","null"
"007","49","2","0","B1","BOTTOM:529","529","32372","886","33258","854","32","0","0","null","null"
"007","50","2","0","B1","BOTTOM:530","530","33258","886","34144","854","32","0","0","null","null"
"007","51","2","0","B1","BOTTOM:564","564","34144","470","34614","453","17","0","0","null","null"
"007","52","2","0","B1","BOTTOM:585","585","34614","276","34890","266","10","0","0","null","null"
"007","53","2","0","B1","BOTTOM:595","595","34890","194","35084","187","7","0","0","null","null"
"007","54","2","0","B1","BOTTOM:609","609","35084","112","35196","108","4","0","0","null","null"
"007","55","2","0","B1","BOTTOM:611","611","35196","112","35308","108","4","0","0","null","null"
"007","56","2","0","B1","BOTTOM:641","641","35308","58","35366","56","2","0","0","null","null"
"007","57","2","1","T1","TOP:170","170","35366","56","35422","56","0","0","0","null","null"
"007","58","2","1","T1","TOP:236","236","35422","3326","38748","2963","124","0","0","null","null"
"007","59","2","1","T1","TOP:265","265","38748","3270","42018","2932","124","0","0","null","null"
"007","60","2","1","T1","TOP:291","291","42018","3382","45400","2996","132","0","0","null","null"
"007","61","2","1","T1","TOP:317","317","45400","3326","48726","2970","132","0","0","null","null"
"007","62","2","1","T1","TOP:333","333","48726","3382","52108","3005","136","0","0","null","null"
"007","63","2","1","T1","TOP:345","345","52108","3326","55434","2975","134","0","0","null","null"
"007","64","2","1","T1","TOP:365","365","55434","3382","58816","3016","140","0","0","null","null"
"007","65","2","1","T1","TOP:379","379","58816","3382","62198","3016","140","0","0","null","null"
"007","66","2","1","T1","TOP:383","383","62198","3338","65536","2972","140","0","0","null","MULTI_MAX_STATES"
"007","67","2","1","T1","TOP:411","411","65536","0","65536","0","0","0","0","MULTI_MAX_STATES","MULTI_MAX_STATES"
"007","68","2","1","T1","TOP:421","421","65536","0","65536","0","0","0","0","MULTI_MAX_STATES","MULTI_MAX_STATES"
"007","69","2","1","T1","TOP:436","436","65536","0","65536","0","0","0","0","MULTI_MAX_STATES","MULTI_MAX_STATES"
"007","70","2","1","T1","TOP:467","467","65536","0","65536","0","0","0","0","MULTI_MAX_STATES","MULTI_MAX_STATES"
"007","71","2","1","T1","TOP:474","474","65536","0","65536","0","0","0","0","MULTI_MAX_STATES","MULTI_MAX_STATES"
"007","72","2","1","T1","TOP:509","509","65536","0","65536","0","0","0","0","MULTI_MAX_STATES","MULTI_MAX_STATES"
"007","73","2","1","T1","TOP:524","524","65536","0","65536","0","0","0","0","MULTI_MAX_STATES","MULTI_MAX_STATES"
"007","74","2","1","T1","TOP:535","535","65536","0","65536","0","0","0","0","MULTI_MAX_STATES","MULTI_MAX_STATES"
"007","75","2","1","T1","TOP:555","555","65536","0","65536","0","0","0","0","MULTI_MAX_STATES","MULTI_MAX_STATES"
"007","76","2","1","T1","TOP:558","558","65536","0","65536","0","0","0","0","MULTI_MAX_STATES","MULTI_MAX_STATES"
"007","77","2","1","T1","TOP:583","583","65536","0","65536","0","0","0","0","MULTI_MAX_STATES","MULTI_MAX_STATES"
"007","78","2","1","T1","TOP:594","594","65536","0","65536","0","0","0","0","MULTI_MAX_STATES","MULTI_MAX_STATES"
"007","79","2","1","T1","TOP:605","605","65536","0","65536","0","0","0","0","MULTI_MAX_STATES","MULTI_MAX_STATES"
"007","80","2","1","T1","TOP:640","640","65536","0","65536","0","0","0","0","MULTI_MAX_STATES","MULTI_MAX_STATES"
"007","81","2","2","B2","BOTTOM:169","169","65536","0","65536","0","0","0","0","MULTI_MAX_STATES","MULTI_MAX_STATES"
"007","82","2","2","B2","BOTTOM:210","210","65536","0","65536","0","0","0","0","MULTI_MAX_STATES","MULTI_MAX_STATES"
"007","83","2","2","B2","BOTTOM:260","260","65536","0","65536","0","0","0","0","MULTI_MAX_STATES","MULTI_MAX_STATES"
"007","84","2","2","B2","BOTTOM:262","262","65536","0","65536","0","0","0","0","MULTI_MAX_STATES","MULTI_MAX_STATES"
"007","85","2","2","B2","BOTTOM:299","299","65536","0","65536","0","0","0","0","MULTI_MAX_STATES","MULTI_MAX_STATES"
"007","86","2","2","B2","BOTTOM:321","321","65536","0","65536","0","0","0","0","MULTI_MAX_STATES","MULTI_MAX_STATES"
"007","87","2","2","B2","BOTTOM:346","346","65536","0","65536","0","0","0","0","MULTI_MAX_STATES","MULTI_MAX_STATES"
"007","88","2","2","B2","BOTTOM:353","353","65536","0","65536","0","0","0","0","MULTI_MAX_STATES","MULTI_MAX_STATES"
"007","89","2","2","B2","BOTTOM:391","391","65536","0","65536","0","0","0","0","MULTI_MAX_STATES","MULTI_MAX_STATES"
"007","90","2","2","B2","BOTTOM:405","405","65536","0","65536","0","0","0","0","MULTI_MAX_STATES","MULTI_MAX_STATES"
"007","91","2","2","B2","BOTTOM:426","426","65536","0","65536","0","0","0","0","MULTI_MAX_STATES","MULTI_MAX_STATES"
"007","92","2","2","B2","BOTTOM:438","438","65536","0","65536","0","0","0","0","MULTI_MAX_STATES","MULTI_MAX_STATES"
"007","93","2","2","B2","BOTTOM:445","445","65536","0","65536","0","0","0","0","MULTI_MAX_STATES","MULTI_MAX_STATES"
"007","94","2","2","B2","BOTTOM:450","450","65536","0","65536","0","0","0","0","MULTI_MAX_STATES","MULTI_MAX_STATES"
"007","95","2","2","B2","BOTTOM:480","480","65536","0","65536","0","0","0","0","MULTI_MAX_STATES","MULTI_MAX_STATES"
"007","96","2","2","B2","BOTTOM:500","500","65536","0","65536","0","0","0","0","MULTI_MAX_STATES","MULTI_MAX_STATES"
"007","97","2","2","B2","BOTTOM:511","511","65536","0","65536","0","0","0","0","MULTI_MAX_STATES","MULTI_MAX_STATES"
"007","98","2","2","B2","BOTTOM:529","529","65536","0","65536","0","0","0","0","MULTI_MAX_STATES","MULTI_MAX_STATES"
"007","99","2","2","B2","BOTTOM:530","530","65536","0","65536","0","0","0","0","MULTI_MAX_STATES","MULTI_MAX_STATES"
"007","100","2","2","B2","BOTTOM:564","564","65536","0","65536","0","0","0","0","MULTI_MAX_STATES","MULTI_MAX_STATES"
"007","101","2","2","B2","BOTTOM:585","585","65536","0","65536","0","0","0","0","MULTI_MAX_STATES","MULTI_MAX_STATES"
"007","102","2","2","B2","BOTTOM:595","595","65536","0","65536","0","0","0","0","MULTI_MAX_STATES","MULTI_MAX_STATES"
"007","103","2","2","B2","BOTTOM:609","609","65536","0","65536","0","0","0","0","MULTI_MAX_STATES","MULTI_MAX_STATES"
"007","104","2","2","B2","BOTTOM:611","611","65536","0","65536","0","0","0","0","MULTI_MAX_STATES","MULTI_MAX_STATES"
"007","105","2","2","B2","BOTTOM:641","641","65536","0","65536","0","0","0","0","MULTI_MAX_STATES","MULTI_MAX_STATES"
"007","106","2","3","T2","TOP:170","170","65536","0","65536","0","0","0","0","MULTI_MAX_STATES","MULTI_MAX_STATES"
"007","107","2","3","T2","TOP:179","179","65536","0","65536","0","0","0","0","MULTI_MAX_STATES","MULTI_MAX_STATES"
"007","108","2","3","T2","TOP:195","195","65536","0","65536","0","0","0","0","MULTI_MAX_STATES","MULTI_MAX_STATES"
"007","109","2","3","T2","TOP:199","199","65536","0","65536","0","0","0","0","MULTI_MAX_STATES","MULTI_MAX_STATES"
"007","110","2","3","T2","TOP:222","222","65536","0","65536","0","0","0","0","MULTI_MAX_STATES","MULTI_MAX_STATES"
"007","111","2","3","T2","TOP:640","640","65536","0","65536","0","0","0","0","MULTI_MAX_STATES","MULTI_MAX_STATES"
"007","112","2","4","B3","BOTTOM:169","169","65536","0","65536","0","0","0","0","MULTI_MAX_STATES","MULTI_MAX_STATES"
"007","113","2","4","B3","BOTTOM:210","210","65536","0","65536","0","0","0","0","MULTI_MAX_STATES","MULTI_MAX_STATES"
"007","114","2","4","B3","BOTTOM:228","228","65536","0","65536","0","0","0","0","MULTI_MAX_STATES","MULTI_MAX_STATES"
"007","115","2","4","B3","BOTTOM:243","243","65536","0","65536","0","0","0","0","MULTI_MAX_STATES","MULTI_MAX_STATES"
"007","116","2","4","B3","BOTTOM:260","260","65536","0","65536","0","0","0","0","MULTI_MAX_STATES","MULTI_MAX_STATES"
"007","117","2","4","B3","BOTTOM:262","262","65536","0","65536","0","0","0","0","MULTI_MAX_STATES","MULTI_MAX_STATES"
"007","118","3","0","B1","BOTTOM:210","210","0","2250","2250","1903","82","0","0","null","null"
"007","119","3","0","B1","BOTTOM:228","228","2250","2196","4446","1876","80","0","0","null","null"
"007","120","3","0","B1","BOTTOM:243","243","4446","2142","6588","1845","78","0","0","null","null"
"007","121","3","0","B1","BOTTOM:260","260","6588","2088","8676","1815","76","0","0","null","null"
"007","122","3","0","B1","BOTTOM:262","262","8676","2088","10764","1815","76","0","0","null","null"
"007","123","3","0","B1","BOTTOM:299","299","10764","2034","12798","1783","74","0","0","null","null"
"007","124","3","0","B1","BOTTOM:321","321","12798","1980","14778","1753","72","0","0","null","null"
"007","125","3","0","B1","BOTTOM:346","346","14778","1872","16650","1683","68","0","0","null","null"
"007","126","3","0","B1","BOTTOM:353","353","16650","1872","18522","1686","68","0","0","null","null"
"007","127","3","0","B1","BOTTOM:391","391","18522","1710","20232","1579","62","0","0","null","null"
"007","128","3","0","B1","BOTTOM:405","405","20232","1656","21888","1544","60","0","0","null","null"
"007","129","3","0","B1","BOTTOM:426","426","21888","1602","23490","1505","58","0","0","null","null"
"007","130","3","0","B1","BOTTOM:438","438","23490","1548","25038","1465","56","0","0","null","null"
"007","131","3","0","B1","BOTTOM:445","445","25038","1548","26586","1465","56","0","0","null","null"
"007","132","3","0","B1","BOTTOM:450","450","26586","1548","28134","1465","56","0","0","null","null"
"007","133","3","0","B1","BOTTOM:480","480","28134","1440","29574","1381","52","0","0","null","null"
"007","134","3","0","B1","BOTTOM:500","500","29574","1440","31014","1383","52","0","0","null","null"
"007","135","3","0","B1","BOTTOM:511","511","31014","1358","32372","1309","49","0","0","null","null"
"007","136","3","0","B1","BOTTOM:529","529","32372","886","33258","854","32","0","0","null","null"
"007","137","3","0","B1","BOTTOM:530","530","33258","886","34144","854","32","0","0","null","null"
"007","138","3","0","B1","BOTTOM:564","564","34144","470","34614","453","17","0","0","null","null"
"007","139","3","0","B1","BOTTOM:585","585","34614","276","34890","266","10","0","0","null","null"
"007","140","3","0","B1","BOTTOM:595","595","34890","194","35084","187","7","0","0","null","null"
"007","141","3","0","B1","BOTTOM:609","609","35084","112","35196","108","4","0","0","null","null"
"007","142","3","0","B1","BOTTOM:611","611","35196","112","35308","108","4","0","0","null","null"
"007","143","3","0","B1","BOTTOM:641","641","35308","58","35366","56","2","0","0","null","null"
"007","144","3","1","T1","TOP:170","170","35366","56","35422","56","0","0","0","null","null"
"007","145","3","1","T1","TOP:236","236","35422","3326","38748","2963","124","0","0","null","null"
"007","146","3","1","T1","TOP:265","265","38748","3270","42018","2932","124","0","0","null","null"
"007","147","3","1","T1","TOP:291","291","42018","3382","45400","2996","132","0","0","null","null"
"007","148","3","1","T1","TOP:317","317","45400","3326","48726","2970","132","0","0","null","null"
"007","149","3","1","T1","TOP:333","333","48726","3382","52108","3005","136","0","0","null","null"
"007","150","3","1","T1","TOP:345","345","52108","3326","55434","2975","134","0","0","null","null"
"007","151","3","1","T1","TOP:365","365","55434","3382","58816","3016","140","0","0","null","null"
"007","152","3","1","T1","TOP:379","379","58816","3382","62198","3016","140","0","0","null","null"
"007","153","3","1","T1","TOP:383","383","62198","3338","65536","2972","140","0","0","null","MULTI_MAX_STATES"
"007","154","3","1","T1","TOP:411","411","65536","0","65536","0","0","0","0","MULTI_MAX_STATES","MULTI_MAX_STATES"
"007","155","3","1","T1","TOP:421","421","65536","0","65536","0","0","0","0","MULTI_MAX_STATES","MULTI_MAX_STATES"
"007","156","3","1","T1","TOP:436","436","65536","0","65536","0","0","0","0","MULTI_MAX_STATES","MULTI_MAX_STATES"
"007","157","3","1","T1","TOP:467","467","65536","0","65536","0","0","0","0","MULTI_MAX_STATES","MULTI_MAX_STATES"
"007","158","3","1","T1","TOP:474","474","65536","0","65536","0","0","0","0","MULTI_MAX_STATES","MULTI_MAX_STATES"
"007","159","3","1","T1","TOP:509","509","65536","0","65536","0","0","0","0","MULTI_MAX_STATES","MULTI_MAX_STATES"
"007","160","3","1","T1","TOP:524","524","65536","0","65536","0","0","0","0","MULTI_MAX_STATES","MULTI_MAX_STATES"
"007","161","3","1","T1","TOP:535","535","65536","0","65536","0","0","0","0","MULTI_MAX_STATES","MULTI_MAX_STATES"
"007","162","3","1","T1","TOP:555","555","65536","0","65536","0","0","0","0","MULTI_MAX_STATES","MULTI_MAX_STATES"
"007","163","3","1","T1","TOP:558","558","65536","0","65536","0","0","0","0","MULTI_MAX_STATES","MULTI_MAX_STATES"
"007","164","3","1","T1","TOP:583","583","65536","0","65536","0","0","0","0","MULTI_MAX_STATES","MULTI_MAX_STATES"
"007","165","3","1","T1","TOP:594","594","65536","0","65536","0","0","0","0","MULTI_MAX_STATES","MULTI_MAX_STATES"
"007","166","3","1","T1","TOP:605","605","65536","0","65536","0","0","0","0","MULTI_MAX_STATES","MULTI_MAX_STATES"
"007","167","3","1","T1","TOP:640","640","65536","0","65536","0","0","0","0","MULTI_MAX_STATES","MULTI_MAX_STATES"
"007","168","3","2","B2","BOTTOM:169","169","65536","0","65536","0","0","0","0","MULTI_MAX_STATES","MULTI_MAX_STATES"
"007","169","3","2","B2","BOTTOM:210","210","65536","0","65536","0","0","0","0","MULTI_MAX_STATES","MULTI_MAX_STATES"
"007","170","3","2","B2","BOTTOM:260","260","65536","0","65536","0","0","0","0","MULTI_MAX_STATES","MULTI_MAX_STATES"
"007","171","3","2","B2","BOTTOM:262","262","65536","0","65536","0","0","0","0","MULTI_MAX_STATES","MULTI_MAX_STATES"
"007","172","3","2","B2","BOTTOM:299","299","65536","0","65536","0","0","0","0","MULTI_MAX_STATES","MULTI_MAX_STATES"
"007","173","3","2","B2","BOTTOM:321","321","65536","0","65536","0","0","0","0","MULTI_MAX_STATES","MULTI_MAX_STATES"
"007","174","3","2","B2","BOTTOM:346","346","65536","0","65536","0","0","0","0","MULTI_MAX_STATES","MULTI_MAX_STATES"
"007","175","3","2","B2","BOTTOM:353","353","65536","0","65536","0","0","0","0","MULTI_MAX_STATES","MULTI_MAX_STATES"
"007","176","3","2","B2","BOTTOM:391","391","65536","0","65536","0","0","0","0","MULTI_MAX_STATES","MULTI_MAX_STATES"
"007","177","3","2","B2","BOTTOM:405","405","65536","0","65536","0","0","0","0","MULTI_MAX_STATES","MULTI_MAX_STATES"
"007","178","3","2","B2","BOTTOM:426","426","65536","0","65536","0","0","0","0","MULTI_MAX_STATES","MULTI_MAX_STATES"
"007","179","3","2","B2","BOTTOM:438","438","65536","0","65536","0","0","0","0","MULTI_MAX_STATES","MULTI_MAX_STATES"
"007","180","3","2","B2","BOTTOM:445","445","65536","0","65536","0","0","0","0","MULTI_MAX_STATES","MULTI_MAX_STATES"
"007","181","3","2","B2","BOTTOM:450","450","65536","0","65536","0","0","0","0","MULTI_MAX_STATES","MULTI_MAX_STATES"
"007","182","3","2","B2","BOTTOM:480","480","65536","0","65536","0","0","0","0","MULTI_MAX_STATES","MULTI_MAX_STATES"
"007","183","3","2","B2","BOTTOM:500","500","65536","0","65536","0","0","0","0","MULTI_MAX_STATES","MULTI_MAX_STATES"
"007","184","3","2","B2","BOTTOM:511","511","65536","0","65536","0","0","0","0","MULTI_MAX_STATES","MULTI_MAX_STATES"
"007","185","3","2","B2","BOTTOM:529","529","65536","0","65536","0","0","0","0","MULTI_MAX_STATES","MULTI_MAX_STATES"
"007","186","3","2","B2","BOTTOM:530","530","65536","0","65536","0","0","0","0","MULTI_MAX_STATES","MULTI_MAX_STATES"
"007","187","3","2","B2","BOTTOM:564","564","65536","0","65536","0","0","0","0","MULTI_MAX_STATES","MULTI_MAX_STATES"
"007","188","3","2","B2","BOTTOM:585","585","65536","0","65536","0","0","0","0","MULTI_MAX_STATES","MULTI_MAX_STATES"
"007","189","3","2","B2","BOTTOM:595","595","65536","0","65536","0","0","0","0","MULTI_MAX_STATES","MULTI_MAX_STATES"
"007","190","3","2","B2","BOTTOM:609","609","65536","0","65536","0","0","0","0","MULTI_MAX_STATES","MULTI_MAX_STATES"
"007","191","3","2","B2","BOTTOM:611","611","65536","0","65536","0","0","0","0","MULTI_MAX_STATES","MULTI_MAX_STATES"
"007","192","3","2","B2","BOTTOM:641","641","65536","0","65536","0","0","0","0","MULTI_MAX_STATES","MULTI_MAX_STATES"
"007","193","3","3","T2","TOP:170","170","65536","0","65536","0","0","0","0","MULTI_MAX_STATES","MULTI_MAX_STATES"
"007","194","3","3","T2","TOP:179","179","65536","0","65536","0","0","0","0","MULTI_MAX_STATES","MULTI_MAX_STATES"
"007","195","3","3","T2","TOP:195","195","65536","0","65536","0","0","0","0","MULTI_MAX_STATES","MULTI_MAX_STATES"
"007","196","3","3","T2","TOP:199","199","65536","0","65536","0","0","0","0","MULTI_MAX_STATES","MULTI_MAX_STATES"
"007","197","3","3","T2","TOP:222","222","65536","0","65536","0","0","0","0","MULTI_MAX_STATES","MULTI_MAX_STATES"
"007","198","3","3","T2","TOP:317","317","65536","0","65536","0","0","0","0","MULTI_MAX_STATES","MULTI_MAX_STATES"
"007","199","3","3","T2","TOP:333","333","65536","0","65536","0","0","0","0","MULTI_MAX_STATES","MULTI_MAX_STATES"
"007","200","3","3","T2","TOP:345","345","65536","0","65536","0","0","0","0","MULTI_MAX_STATES","MULTI_MAX_STATES"
"007","201","3","3","T2","TOP:365","365","65536","0","65536","0","0","0","0","MULTI_MAX_STATES","MULTI_MAX_STATES"
"007","202","3","3","T2","TOP:379","379","65536","0","65536","0","0","0","0","MULTI_MAX_STATES","MULTI_MAX_STATES"
"007","203","3","3","T2","TOP:383","383","65536","0","65536","0","0","0","0","MULTI_MAX_STATES","MULTI_MAX_STATES"
"007","204","3","3","T2","TOP:411","411","65536","0","65536","0","0","0","0","MULTI_MAX_STATES","MULTI_MAX_STATES"
"007","205","3","3","T2","TOP:421","421","65536","0","65536","0","0","0","0","MULTI_MAX_STATES","MULTI_MAX_STATES"
"007","206","3","3","T2","TOP:436","436","65536","0","65536","0","0","0","0","MULTI_MAX_STATES","MULTI_MAX_STATES"
"007","207","3","3","T2","TOP:467","467","65536","0","65536","0","0","0","0","MULTI_MAX_STATES","MULTI_MAX_STATES"
"007","208","3","3","T2","TOP:474","474","65536","0","65536","0","0","0","0","MULTI_MAX_STATES","MULTI_MAX_STATES"
"007","209","3","3","T2","TOP:509","509","65536","0","65536","0","0","0","0","MULTI_MAX_STATES","MULTI_MAX_STATES"
"007","210","3","3","T2","TOP:524","524","65536","0","65536","0","0","0","0","MULTI_MAX_STATES","MULTI_MAX_STATES"
"007","211","3","3","T2","TOP:535","535","65536","0","65536","0","0","0","0","MULTI_MAX_STATES","MULTI_MAX_STATES"
"007","212","3","3","T2","TOP:555","555","65536","0","65536","0","0","0","0","MULTI_MAX_STATES","MULTI_MAX_STATES"
"007","213","3","3","T2","TOP:558","558","65536","0","65536","0","0","0","0","MULTI_MAX_STATES","MULTI_MAX_STATES"
"007","214","3","3","T2","TOP:583","583","65536","0","65536","0","0","0","0","MULTI_MAX_STATES","MULTI_MAX_STATES"
"007","215","3","3","T2","TOP:594","594","65536","0","65536","0","0","0","0","MULTI_MAX_STATES","MULTI_MAX_STATES"
"007","216","3","3","T2","TOP:605","605","65536","0","65536","0","0","0","0","MULTI_MAX_STATES","MULTI_MAX_STATES"
"007","217","3","3","T2","TOP:640","640","65536","0","65536","0","0","0","0","MULTI_MAX_STATES","MULTI_MAX_STATES"
"007","218","3","4","B3","BOTTOM:169","169","65536","0","65536","0","0","0","0","MULTI_MAX_STATES","MULTI_MAX_STATES"
"007","219","3","4","B3","BOTTOM:210","210","65536","0","65536","0","0","0","0","MULTI_MAX_STATES","MULTI_MAX_STATES"
"007","220","3","4","B3","BOTTOM:228","228","65536","0","65536","0","0","0","0","MULTI_MAX_STATES","MULTI_MAX_STATES"
"007","221","3","4","B3","BOTTOM:243","243","65536","0","65536","0","0","0","0","MULTI_MAX_STATES","MULTI_MAX_STATES"
"007","222","3","4","B3","BOTTOM:260","260","65536","0","65536","0","0","0","0","MULTI_MAX_STATES","MULTI_MAX_STATES"
"007","223","3","4","B3","BOTTOM:262","262","65536","0","65536","0","0","0","0","MULTI_MAX_STATES","MULTI_MAX_STATES"
"007","224","3","4","B3","BOTTOM:353","353","65536","0","65536","0","0","0","0","MULTI_MAX_STATES","MULTI_MAX_STATES"
"007","225","3","4","B3","BOTTOM:391","391","65536","0","65536","0","0","0","0","MULTI_MAX_STATES","MULTI_MAX_STATES"
"007","226","3","4","B3","BOTTOM:405","405","65536","0","65536","0","0","0","0","MULTI_MAX_STATES","MULTI_MAX_STATES"
"007","227","3","4","B3","BOTTOM:426","426","65536","0","65536","0","0","0","0","MULTI_MAX_STATES","MULTI_MAX_STATES"
"007","228","3","4","B3","BOTTOM:438","438","65536","0","65536","0","0","0","0","MULTI_MAX_STATES","MULTI_MAX_STATES"
"007","229","3","4","B3","BOTTOM:445","445","65536","0","65536","0","0","0","0","MULTI_MAX_STATES","MULTI_MAX_STATES"
"007","230","3","4","B3","BOTTOM:450","450","65536","0","65536","0","0","0","0","MULTI_MAX_STATES","MULTI_MAX_STATES"
"007","231","3","4","B3","BOTTOM:480","480","65536","0","65536","0","0","0","0","MULTI_MAX_STATES","MULTI_MAX_STATES"
"007","232","3","4","B3","BOTTOM:500","500","65536","0","65536","0","0","0","0","MULTI_MAX_STATES","MULTI_MAX_STATES"
"007","233","3","4","B3","BOTTOM:511","511","65536","0","65536","0","0","0","0","MULTI_MAX_STATES","MULTI_MAX_STATES"
"007","234","3","4","B3","BOTTOM:529","529","65536","0","65536","0","0","0","0","MULTI_MAX_STATES","MULTI_MAX_STATES"
"007","235","3","4","B3","BOTTOM:530","530","65536","0","65536","0","0","0","0","MULTI_MAX_STATES","MULTI_MAX_STATES"
"007","236","3","4","B3","BOTTOM:564","564","65536","0","65536","0","0","0","0","MULTI_MAX_STATES","MULTI_MAX_STATES"
"007","237","3","4","B3","BOTTOM:585","585","65536","0","65536","0","0","0","0","MULTI_MAX_STATES","MULTI_MAX_STATES"
"007","238","3","4","B3","BOTTOM:595","595","65536","0","65536","0","0","0","0","MULTI_MAX_STATES","MULTI_MAX_STATES"
"007","239","3","4","B3","BOTTOM:609","609","65536","0","65536","0","0","0","0","MULTI_MAX_STATES","MULTI_MAX_STATES"
"007","240","3","4","B3","BOTTOM:611","611","65536","0","65536","0","0","0","0","MULTI_MAX_STATES","MULTI_MAX_STATES"
"007","241","3","4","B3","BOTTOM:641","641","65536","0","65536","0","0","0","0","MULTI_MAX_STATES","MULTI_MAX_STATES"
"007","242","3","5","T3","TOP:170","170","65536","0","65536","0","0","0","0","MULTI_MAX_STATES","MULTI_MAX_STATES"
"007","243","3","5","T3","TOP:179","179","65536","0","65536","0","0","0","0","MULTI_MAX_STATES","MULTI_MAX_STATES"
"007","244","3","5","T3","TOP:195","195","65536","0","65536","0","0","0","0","MULTI_MAX_STATES","MULTI_MAX_STATES"
"007","245","3","5","T3","TOP:199","199","65536","0","65536","0","0","0","0","MULTI_MAX_STATES","MULTI_MAX_STATES"
"007","246","3","5","T3","TOP:222","222","65536","0","65536","0","0","0","0","MULTI_MAX_STATES","MULTI_MAX_STATES"
"007","247","3","5","T3","TOP:236","236","65536","0","65536","0","0","0","0","MULTI_MAX_STATES","MULTI_MAX_STATES"
"007","248","3","5","T3","TOP:265","265","65536","0","65536","0","0","0","0","MULTI_MAX_STATES","MULTI_MAX_STATES"
"007","249","3","5","T3","TOP:291","291","65536","0","65536","0","0","0","0","MULTI_MAX_STATES","MULTI_MAX_STATES"
"007","250","3","5","T3","TOP:640","640","65536","0","65536","0","0","0","0","MULTI_MAX_STATES","MULTI_MAX_STATES"
"007","251","3","6","B4","BOTTOM:169","169","65536","0","65536","0","0","0","0","MULTI_MAX_STATES","MULTI_MAX_STATES"
"007","252","3","6","B4","BOTTOM:210","210","65536","0","65536","0","0","0","0","MULTI_MAX_STATES","MULTI_MAX_STATES"
"007","253","3","6","B4","BOTTOM:228","228","65536","0","65536","0","0","0","0","MULTI_MAX_STATES","MULTI_MAX_STATES"
"007","254","3","6","B4","BOTTOM:243","243","65536","0","65536","0","0","0","0","MULTI_MAX_STATES","MULTI_MAX_STATES"
"007","255","3","6","B4","BOTTOM:260","260","65536","0","65536","0","0","0","0","MULTI_MAX_STATES","MULTI_MAX_STATES"
"007","256","3","6","B4","BOTTOM:262","262","65536","0","65536","0","0","0","0","MULTI_MAX_STATES","MULTI_MAX_STATES"
"007","257","3","6","B4","BOTTOM:299","299","65536","0","65536","0","0","0","0","MULTI_MAX_STATES","MULTI_MAX_STATES"
"007","258","3","6","B4","BOTTOM:321","321","65536","0","65536","0","0","0","0","MULTI_MAX_STATES","MULTI_MAX_STATES"
"007","259","4","0","B1","BOTTOM:210","210","0","2250","2250","1903","82","0","0","null","null"
"007","260","4","0","B1","BOTTOM:228","228","2250","2196","4446","1876","80","0","0","null","null"
"007","261","4","0","B1","BOTTOM:243","243","4446","2142","6588","1845","78","0","0","null","null"
"007","262","4","0","B1","BOTTOM:260","260","6588","2088","8676","1815","76","0","0","null","null"
"007","263","4","0","B1","BOTTOM:262","262","8676","2088","10764","1815","76","0","0","null","null"
"007","264","4","0","B1","BOTTOM:299","299","10764","2034","12798","1783","74","0","0","null","null"
"007","265","4","0","B1","BOTTOM:321","321","12798","1980","14778","1753","72","0","0","null","null"
"007","266","4","0","B1","BOTTOM:346","346","14778","1872","16650","1683","68","0","0","null","null"
"007","267","4","0","B1","BOTTOM:353","353","16650","1872","18522","1686","68","0","0","null","null"
"007","268","4","0","B1","BOTTOM:391","391","18522","1710","20232","1579","62","0","0","null","null"
"007","269","4","0","B1","BOTTOM:405","405","20232","1656","21888","1544","60","0","0","null","null"
"007","270","4","0","B1","BOTTOM:426","426","21888","1602","23490","1505","58","0","0","null","null"
"007","271","4","0","B1","BOTTOM:438","438","23490","1548","25038","1465","56","0","0","null","null"
"007","272","4","0","B1","BOTTOM:445","445","25038","1548","26586","1465","56","0","0","null","null"
"007","273","4","0","B1","BOTTOM:450","450","26586","1548","28134","1465","56","0","0","null","null"
"007","274","4","0","B1","BOTTOM:480","480","28134","1440","29574","1381","52","0","0","null","null"
"007","275","4","0","B1","BOTTOM:500","500","29574","1440","31014","1383","52","0","0","null","null"
"007","276","4","0","B1","BOTTOM:511","511","31014","1358","32372","1309","49","0","0","null","null"
"007","277","4","0","B1","BOTTOM:529","529","32372","886","33258","854","32","0","0","null","null"
"007","278","4","0","B1","BOTTOM:530","530","33258","886","34144","854","32","0","0","null","null"
"007","279","4","0","B1","BOTTOM:564","564","34144","470","34614","453","17","0","0","null","null"
"007","280","4","0","B1","BOTTOM:585","585","34614","276","34890","266","10","0","0","null","null"
"007","281","4","0","B1","BOTTOM:595","595","34890","194","35084","187","7","0","0","null","null"
"007","282","4","0","B1","BOTTOM:609","609","35084","112","35196","108","4","0","0","null","null"
"007","283","4","0","B1","BOTTOM:611","611","35196","112","35308","108","4","0","0","null","null"
"007","284","4","0","B1","BOTTOM:641","641","35308","58","35366","56","2","0","0","null","null"
"007","285","4","1","T1","TOP:170","170","35366","56","35422","56","0","0","0","null","null"
"007","286","4","1","T1","TOP:236","236","35422","3326","38748","2941","124","22","3","null","null"
"007","287","4","1","T1","TOP:265","265","38748","3270","42018","2926","124","6","3","null","null"
"007","288","4","1","T1","TOP:291","291","42018","3382","45400","2990","132","6","3","null","null"
"007","289","4","1","T1","TOP:317","317","45400","3326","48726","2967","132","3","3","null","null"
"007","290","4","1","T1","TOP:333","333","48726","3382","52108","3002","136","3","3","null","null"
"007","291","4","1","T1","TOP:345","345","52108","3326","55434","2972","134","3","3","null","null"
"007","292","4","1","T1","TOP:365","365","55434","3382","58816","3016","140","0","0","null","null"
"007","293","4","1","T1","TOP:379","379","58816","3382","62198","3016","140","0","0","null","null"
"007","294","4","1","T1","TOP:383","383","62198","3338","65536","2972","140","0","0","null","MULTI_MAX_STATES"
"007","295","4","1","T1","TOP:411","411","65536","0","65536","0","0","0","0","MULTI_MAX_STATES","MULTI_MAX_STATES"
"007","296","4","1","T1","TOP:421","421","65536","0","65536","0","0","0","0","MULTI_MAX_STATES","MULTI_MAX_STATES"
"007","297","4","1","T1","TOP:436","436","65536","0","65536","0","0","0","0","MULTI_MAX_STATES","MULTI_MAX_STATES"
"007","298","4","1","T1","TOP:467","467","65536","0","65536","0","0","0","0","MULTI_MAX_STATES","MULTI_MAX_STATES"
"007","299","4","1","T1","TOP:474","474","65536","0","65536","0","0","0","0","MULTI_MAX_STATES","MULTI_MAX_STATES"
"007","300","4","1","T1","TOP:509","509","65536","0","65536","0","0","0","0","MULTI_MAX_STATES","MULTI_MAX_STATES"
"007","301","4","1","T1","TOP:524","524","65536","0","65536","0","0","0","0","MULTI_MAX_STATES","MULTI_MAX_STATES"
"007","302","4","1","T1","TOP:535","535","65536","0","65536","0","0","0","0","MULTI_MAX_STATES","MULTI_MAX_STATES"
"007","303","4","1","T1","TOP:555","555","65536","0","65536","0","0","0","0","MULTI_MAX_STATES","MULTI_MAX_STATES"
"007","304","4","1","T1","TOP:558","558","65536","0","65536","0","0","0","0","MULTI_MAX_STATES","MULTI_MAX_STATES"
"007","305","4","1","T1","TOP:583","583","65536","0","65536","0","0","0","0","MULTI_MAX_STATES","MULTI_MAX_STATES"
"007","306","4","1","T1","TOP:594","594","65536","0","65536","0","0","0","0","MULTI_MAX_STATES","MULTI_MAX_STATES"
"007","307","4","1","T1","TOP:605","605","65536","0","65536","0","0","0","0","MULTI_MAX_STATES","MULTI_MAX_STATES"
"007","308","4","1","T1","TOP:640","640","65536","0","65536","0","0","0","0","MULTI_MAX_STATES","MULTI_MAX_STATES"
"007","309","4","2","B2","BOTTOM:169","169","65536","0","65536","0","0","0","0","MULTI_MAX_STATES","MULTI_MAX_STATES"
"007","310","4","2","B2","BOTTOM:210","210","65536","0","65536","0","0","0","0","MULTI_MAX_STATES","MULTI_MAX_STATES"
"007","311","4","2","B2","BOTTOM:321","321","65536","0","65536","0","0","0","0","MULTI_MAX_STATES","MULTI_MAX_STATES"
"007","312","4","2","B2","BOTTOM:346","346","65536","0","65536","0","0","0","0","MULTI_MAX_STATES","MULTI_MAX_STATES"
"007","313","4","2","B2","BOTTOM:353","353","65536","0","65536","0","0","0","0","MULTI_MAX_STATES","MULTI_MAX_STATES"
"007","314","4","2","B2","BOTTOM:391","391","65536","0","65536","0","0","0","0","MULTI_MAX_STATES","MULTI_MAX_STATES"
"007","315","4","2","B2","BOTTOM:405","405","65536","0","65536","0","0","0","0","MULTI_MAX_STATES","MULTI_MAX_STATES"
"007","316","4","2","B2","BOTTOM:426","426","65536","0","65536","0","0","0","0","MULTI_MAX_STATES","MULTI_MAX_STATES"
"007","317","4","2","B2","BOTTOM:438","438","65536","0","65536","0","0","0","0","MULTI_MAX_STATES","MULTI_MAX_STATES"
"007","318","4","2","B2","BOTTOM:445","445","65536","0","65536","0","0","0","0","MULTI_MAX_STATES","MULTI_MAX_STATES"
"007","319","4","2","B2","BOTTOM:450","450","65536","0","65536","0","0","0","0","MULTI_MAX_STATES","MULTI_MAX_STATES"
"007","320","4","2","B2","BOTTOM:480","480","65536","0","65536","0","0","0","0","MULTI_MAX_STATES","MULTI_MAX_STATES"
"007","321","4","2","B2","BOTTOM:500","500","65536","0","65536","0","0","0","0","MULTI_MAX_STATES","MULTI_MAX_STATES"
"007","322","4","2","B2","BOTTOM:511","511","65536","0","65536","0","0","0","0","MULTI_MAX_STATES","MULTI_MAX_STATES"
"007","323","4","2","B2","BOTTOM:529","529","65536","0","65536","0","0","0","0","MULTI_MAX_STATES","MULTI_MAX_STATES"
"007","324","4","2","B2","BOTTOM:530","530","65536","0","65536","0","0","0","0","MULTI_MAX_STATES","MULTI_MAX_STATES"
"007","325","4","2","B2","BOTTOM:564","564","65536","0","65536","0","0","0","0","MULTI_MAX_STATES","MULTI_MAX_STATES"
"007","326","4","2","B2","BOTTOM:585","585","65536","0","65536","0","0","0","0","MULTI_MAX_STATES","MULTI_MAX_STATES"
"007","327","4","2","B2","BOTTOM:595","595","65536","0","65536","0","0","0","0","MULTI_MAX_STATES","MULTI_MAX_STATES"
"007","328","4","2","B2","BOTTOM:609","609","65536","0","65536","0","0","0","0","MULTI_MAX_STATES","MULTI_MAX_STATES"
"007","329","4","2","B2","BOTTOM:611","611","65536","0","65536","0","0","0","0","MULTI_MAX_STATES","MULTI_MAX_STATES"
"007","330","4","2","B2","BOTTOM:641","641","65536","0","65536","0","0","0","0","MULTI_MAX_STATES","MULTI_MAX_STATES"
"007","331","4","3","T2","TOP:170","170","65536","0","65536","0","0","0","0","MULTI_MAX_STATES","MULTI_MAX_STATES"
"007","332","4","3","T2","TOP:179","179","65536","0","65536","0","0","0","0","MULTI_MAX_STATES","MULTI_MAX_STATES"
"007","333","4","3","T2","TOP:195","195","65536","0","65536","0","0","0","0","MULTI_MAX_STATES","MULTI_MAX_STATES"
"007","334","4","3","T2","TOP:199","199","65536","0","65536","0","0","0","0","MULTI_MAX_STATES","MULTI_MAX_STATES"
"007","335","4","3","T2","TOP:222","222","65536","0","65536","0","0","0","0","MULTI_MAX_STATES","MULTI_MAX_STATES"
"007","336","4","3","T2","TOP:411","411","65536","0","65536","0","0","0","0","MULTI_MAX_STATES","MULTI_MAX_STATES"
"007","337","4","3","T2","TOP:421","421","65536","0","65536","0","0","0","0","MULTI_MAX_STATES","MULTI_MAX_STATES"
"007","338","4","3","T2","TOP:436","436","65536","0","65536","0","0","0","0","MULTI_MAX_STATES","MULTI_MAX_STATES"
"007","339","4","3","T2","TOP:467","467","65536","0","65536","0","0","0","0","MULTI_MAX_STATES","MULTI_MAX_STATES"
"007","340","4","3","T2","TOP:474","474","65536","0","65536","0","0","0","0","MULTI_MAX_STATES","MULTI_MAX_STATES"
"007","341","4","3","T2","TOP:509","509","65536","0","65536","0","0","0","0","MULTI_MAX_STATES","MULTI_MAX_STATES"
"007","342","4","3","T2","TOP:524","524","65536","0","65536","0","0","0","0","MULTI_MAX_STATES","MULTI_MAX_STATES"
"007","343","4","3","T2","TOP:535","535","65536","0","65536","0","0","0","0","MULTI_MAX_STATES","MULTI_MAX_STATES"
"007","344","4","3","T2","TOP:555","555","65536","0","65536","0","0","0","0","MULTI_MAX_STATES","MULTI_MAX_STATES"
"007","345","4","3","T2","TOP:558","558","65536","0","65536","0","0","0","0","MULTI_MAX_STATES","MULTI_MAX_STATES"
"007","346","4","3","T2","TOP:583","583","65536","0","65536","0","0","0","0","MULTI_MAX_STATES","MULTI_MAX_STATES"
"007","347","4","3","T2","TOP:594","594","65536","0","65536","0","0","0","0","MULTI_MAX_STATES","MULTI_MAX_STATES"
"007","348","4","3","T2","TOP:605","605","65536","0","65536","0","0","0","0","MULTI_MAX_STATES","MULTI_MAX_STATES"
"007","349","4","3","T2","TOP:640","640","65536","0","65536","0","0","0","0","MULTI_MAX_STATES","MULTI_MAX_STATES"
"007","350","4","4","B3","BOTTOM:169","169","65536","0","65536","0","0","0","0","MULTI_MAX_STATES","MULTI_MAX_STATES"
"007","351","4","4","B3","BOTTOM:210","210","65536","0","65536","0","0","0","0","MULTI_MAX_STATES","MULTI_MAX_STATES"
"007","352","4","4","B3","BOTTOM:228","228","65536","0","65536","0","0","0","0","MULTI_MAX_STATES","MULTI_MAX_STATES"
"007","353","4","4","B3","BOTTOM:243","243","65536","0","65536","0","0","0","0","MULTI_MAX_STATES","MULTI_MAX_STATES"
"007","354","4","4","B3","BOTTOM:260","260","65536","0","65536","0","0","0","0","MULTI_MAX_STATES","MULTI_MAX_STATES"
"007","355","4","4","B3","BOTTOM:262","262","65536","0","65536","0","0","0","0","MULTI_MAX_STATES","MULTI_MAX_STATES"
"007","356","4","4","B3","BOTTOM:426","426","65536","0","65536","0","0","0","0","MULTI_MAX_STATES","MULTI_MAX_STATES"
"007","357","4","4","B3","BOTTOM:438","438","65536","0","65536","0","0","0","0","MULTI_MAX_STATES","MULTI_MAX_STATES"
"007","358","4","4","B3","BOTTOM:445","445","65536","0","65536","0","0","0","0","MULTI_MAX_STATES","MULTI_MAX_STATES"
"007","359","4","4","B3","BOTTOM:450","450","65536","0","65536","0","0","0","0","MULTI_MAX_STATES","MULTI_MAX_STATES"
"007","360","4","4","B3","BOTTOM:480","480","65536","0","65536","0","0","0","0","MULTI_MAX_STATES","MULTI_MAX_STATES"
"007","361","4","4","B3","BOTTOM:500","500","65536","0","65536","0","0","0","0","MULTI_MAX_STATES","MULTI_MAX_STATES"
"007","362","4","4","B3","BOTTOM:511","511","65536","0","65536","0","0","0","0","MULTI_MAX_STATES","MULTI_MAX_STATES"
"007","363","4","4","B3","BOTTOM:529","529","65536","0","65536","0","0","0","0","MULTI_MAX_STATES","MULTI_MAX_STATES"
"007","364","4","4","B3","BOTTOM:530","530","65536","0","65536","0","0","0","0","MULTI_MAX_STATES","MULTI_MAX_STATES"
"007","365","4","4","B3","BOTTOM:564","564","65536","0","65536","0","0","0","0","MULTI_MAX_STATES","MULTI_MAX_STATES"
"007","366","4","4","B3","BOTTOM:585","585","65536","0","65536","0","0","0","0","MULTI_MAX_STATES","MULTI_MAX_STATES"
"007","367","4","4","B3","BOTTOM:595","595","65536","0","65536","0","0","0","0","MULTI_MAX_STATES","MULTI_MAX_STATES"
"007","368","4","4","B3","BOTTOM:609","609","65536","0","65536","0","0","0","0","MULTI_MAX_STATES","MULTI_MAX_STATES"
"007","369","4","4","B3","BOTTOM:611","611","65536","0","65536","0","0","0","0","MULTI_MAX_STATES","MULTI_MAX_STATES"
"007","370","4","4","B3","BOTTOM:641","641","65536","0","65536","0","0","0","0","MULTI_MAX_STATES","MULTI_MAX_STATES"
"007","371","4","5","T3","TOP:170","170","65536","0","65536","0","0","0","0","MULTI_MAX_STATES","MULTI_MAX_STATES"
"007","372","4","5","T3","TOP:179","179","65536","0","65536","0","0","0","0","MULTI_MAX_STATES","MULTI_MAX_STATES"
"007","373","4","5","T3","TOP:195","195","65536","0","65536","0","0","0","0","MULTI_MAX_STATES","MULTI_MAX_STATES"
"007","374","4","5","T3","TOP:199","199","65536","0","65536","0","0","0","0","MULTI_MAX_STATES","MULTI_MAX_STATES"
"007","375","4","5","T3","TOP:222","222","65536","0","65536","0","0","0","0","MULTI_MAX_STATES","MULTI_MAX_STATES"
"007","376","4","5","T3","TOP:236","236","65536","0","65536","0","0","0","0","MULTI_MAX_STATES","MULTI_MAX_STATES"
"007","377","4","5","T3","TOP:265","265","65536","0","65536","0","0","0","0","MULTI_MAX_STATES","MULTI_MAX_STATES"
"007","378","4","5","T3","TOP:291","291","65536","0","65536","0","0","0","0","MULTI_MAX_STATES","MULTI_MAX_STATES"
"007","379","4","5","T3","TOP:467","467","65536","0","65536","0","0","0","0","MULTI_MAX_STATES","MULTI_MAX_STATES"
"007","380","4","5","T3","TOP:474","474","65536","0","65536","0","0","0","0","MULTI_MAX_STATES","MULTI_MAX_STATES"
"007","381","4","5","T3","TOP:509","509","65536","0","65536","0","0","0","0","MULTI_MAX_STATES","MULTI_MAX_STATES"
"007","382","4","5","T3","TOP:524","524","65536","0","65536","0","0","0","0","MULTI_MAX_STATES","MULTI_MAX_STATES"
"007","383","4","5","T3","TOP:535","535","65536","0","65536","0","0","0","0","MULTI_MAX_STATES","MULTI_MAX_STATES"
"007","384","4","5","T3","TOP:555","555","65536","0","65536","0","0","0","0","MULTI_MAX_STATES","MULTI_MAX_STATES"
"007","385","4","5","T3","TOP:558","558","65536","0","65536","0","0","0","0","MULTI_MAX_STATES","MULTI_MAX_STATES"
"007","386","4","5","T3","TOP:583","583","65536","0","65536","0","0","0","0","MULTI_MAX_STATES","MULTI_MAX_STATES"
"007","387","4","5","T3","TOP:594","594","65536","0","65536","0","0","0","0","MULTI_MAX_STATES","MULTI_MAX_STATES"
"007","388","4","5","T3","TOP:605","605","65536","0","65536","0","0","0","0","MULTI_MAX_STATES","MULTI_MAX_STATES"
"007","389","4","5","T3","TOP:640","640","65536","0","65536","0","0","0","0","MULTI_MAX_STATES","MULTI_MAX_STATES"
"007","390","4","6","B4","BOTTOM:169","169","65536","0","65536","0","0","0","0","MULTI_MAX_STATES","MULTI_MAX_STATES"
"007","391","4","6","B4","BOTTOM:210","210","65536","0","65536","0","0","0","0","MULTI_MAX_STATES","MULTI_MAX_STATES"
"007","392","4","6","B4","BOTTOM:228","228","65536","0","65536","0","0","0","0","MULTI_MAX_STATES","MULTI_MAX_STATES"
"007","393","4","6","B4","BOTTOM:243","243","65536","0","65536","0","0","0","0","MULTI_MAX_STATES","MULTI_MAX_STATES"
"007","394","4","6","B4","BOTTOM:260","260","65536","0","65536","0","0","0","0","MULTI_MAX_STATES","MULTI_MAX_STATES"
"007","395","4","6","B4","BOTTOM:262","262","65536","0","65536","0","0","0","0","MULTI_MAX_STATES","MULTI_MAX_STATES"
"007","396","4","6","B4","BOTTOM:299","299","65536","0","65536","0","0","0","0","MULTI_MAX_STATES","MULTI_MAX_STATES"
"007","397","4","6","B4","BOTTOM:321","321","65536","0","65536","0","0","0","0","MULTI_MAX_STATES","MULTI_MAX_STATES"
"007","398","4","6","B4","BOTTOM:346","346","65536","0","65536","0","0","0","0","MULTI_MAX_STATES","MULTI_MAX_STATES"
"007","399","4","6","B4","BOTTOM:353","353","65536","0","65536","0","0","0","0","MULTI_MAX_STATES","MULTI_MAX_STATES"
"007","400","4","6","B4","BOTTOM:391","391","65536","0","65536","0","0","0","0","MULTI_MAX_STATES","MULTI_MAX_STATES"
"007","401","4","6","B4","BOTTOM:480","480","65536","0","65536","0","0","0","0","MULTI_MAX_STATES","MULTI_MAX_STATES"
"007","402","4","6","B4","BOTTOM:500","500","65536","0","65536","0","0","0","0","MULTI_MAX_STATES","MULTI_MAX_STATES"
"007","403","4","6","B4","BOTTOM:511","511","65536","0","65536","0","0","0","0","MULTI_MAX_STATES","MULTI_MAX_STATES"
"007","404","4","6","B4","BOTTOM:529","529","65536","0","65536","0","0","0","0","MULTI_MAX_STATES","MULTI_MAX_STATES"
"007","405","4","6","B4","BOTTOM:530","530","65536","0","65536","0","0","0","0","MULTI_MAX_STATES","MULTI_MAX_STATES"
"007","406","4","6","B4","BOTTOM:564","564","65536","0","65536","0","0","0","0","MULTI_MAX_STATES","MULTI_MAX_STATES"
"007","407","4","6","B4","BOTTOM:585","585","65536","0","65536","0","0","0","0","MULTI_MAX_STATES","MULTI_MAX_STATES"
"007","408","4","6","B4","BOTTOM:595","595","65536","0","65536","0","0","0","0","MULTI_MAX_STATES","MULTI_MAX_STATES"
"007","409","4","6","B4","BOTTOM:609","609","65536","0","65536","0","0","0","0","MULTI_MAX_STATES","MULTI_MAX_STATES"
"007","410","4","6","B4","BOTTOM:611","611","65536","0","65536","0","0","0","0","MULTI_MAX_STATES","MULTI_MAX_STATES"
"007","411","4","6","B4","BOTTOM:641","641","65536","0","65536","0","0","0","0","MULTI_MAX_STATES","MULTI_MAX_STATES"
"007","412","4","7","T4","TOP:170","170","65536","0","65536","0","0","0","0","MULTI_MAX_STATES","MULTI_MAX_STATES"
"007","413","4","7","T4","TOP:179","179","65536","0","65536","0","0","0","0","MULTI_MAX_STATES","MULTI_MAX_STATES"
"007","414","4","7","T4","TOP:195","195","65536","0","65536","0","0","0","0","MULTI_MAX_STATES","MULTI_MAX_STATES"
"007","415","4","7","T4","TOP:199","199","65536","0","65536","0","0","0","0","MULTI_MAX_STATES","MULTI_MAX_STATES"
"007","416","4","7","T4","TOP:222","222","65536","0","65536","0","0","0","0","MULTI_MAX_STATES","MULTI_MAX_STATES"
"007","417","4","7","T4","TOP:236","236","65536","0","65536","0","0","0","0","MULTI_MAX_STATES","MULTI_MAX_STATES"
"007","418","4","7","T4","TOP:265","265","65536","0","65536","0","0","0","0","MULTI_MAX_STATES","MULTI_MAX_STATES"
"007","419","4","7","T4","TOP:291","291","65536","0","65536","0","0","0","0","MULTI_MAX_STATES","MULTI_MAX_STATES"
"007","420","4","7","T4","TOP:317","317","65536","0","65536","0","0","0","0","MULTI_MAX_STATES","MULTI_MAX_STATES"
"007","421","4","7","T4","TOP:333","333","65536","0","65536","0","0","0","0","MULTI_MAX_STATES","MULTI_MAX_STATES"
"007","422","4","7","T4","TOP:345","345","65536","0","65536","0","0","0","0","MULTI_MAX_STATES","MULTI_MAX_STATES"
"007","423","4","7","T4","TOP:365","365","65536","0","65536","0","0","0","0","MULTI_MAX_STATES","MULTI_MAX_STATES"
"007","424","4","7","T4","TOP:379","379","65536","0","65536","0","0","0","0","MULTI_MAX_STATES","MULTI_MAX_STATES"
"007","425","4","7","T4","TOP:383","383","65536","0","65536","0","0","0","0","MULTI_MAX_STATES","MULTI_MAX_STATES"
"007","426","4","7","T4","TOP:411","411","65536","0","65536","0","0","0","0","MULTI_MAX_STATES","MULTI_MAX_STATES"
"007","427","4","7","T4","TOP:421","421","65536","0","65536","0","0","0","0","MULTI_MAX_STATES","MULTI_MAX_STATES"
"007","428","4","7","T4","TOP:436","436","65536","0","65536","0","0","0","0","MULTI_MAX_STATES","MULTI_MAX_STATES"
"007","429","4","7","T4","TOP:640","640","65536","0","65536","0","0","0","0","MULTI_MAX_STATES","MULTI_MAX_STATES"
"007","430","4","8","B5","BOTTOM:169","169","65536","0","65536","0","0","0","0","MULTI_MAX_STATES","MULTI_MAX_STATES"
"007","431","4","8","B5","BOTTOM:210","210","65536","0","65536","0","0","0","0","MULTI_MAX_STATES","MULTI_MAX_STATES"
"007","432","4","8","B5","BOTTOM:228","228","65536","0","65536","0","0","0","0","MULTI_MAX_STATES","MULTI_MAX_STATES"
"007","433","4","8","B5","BOTTOM:243","243","65536","0","65536","0","0","0","0","MULTI_MAX_STATES","MULTI_MAX_STATES"
"007","434","4","8","B5","BOTTOM:260","260","65536","0","65536","0","0","0","0","MULTI_MAX_STATES","MULTI_MAX_STATES"
"007","435","4","8","B5","BOTTOM:262","262","65536","0","65536","0","0","0","0","MULTI_MAX_STATES","MULTI_MAX_STATES"
"007","436","4","8","B5","BOTTOM:299","299","65536","0","65536","0","0","0","0","MULTI_MAX_STATES","MULTI_MAX_STATES"
"007","437","4","8","B5","BOTTOM:321","321","65536","0","65536","0","0","0","0","MULTI_MAX_STATES","MULTI_MAX_STATES"
"007","438","4","8","B5","BOTTOM:346","346","65536","0","65536","0","0","0","0","MULTI_MAX_STATES","MULTI_MAX_STATES"
"007","439","4","8","B5","BOTTOM:353","353","65536","0","65536","0","0","0","0","MULTI_MAX_STATES","MULTI_MAX_STATES"
"007","440","4","8","B5","BOTTOM:391","391","65536","0","65536","0","0","0","0","MULTI_MAX_STATES","MULTI_MAX_STATES"
"007","441","4","8","B5","BOTTOM:405","405","65536","0","65536","0","0","0","0","MULTI_MAX_STATES","MULTI_MAX_STATES"
"007","442","4","8","B5","BOTTOM:426","426","65536","0","65536","0","0","0","0","MULTI_MAX_STATES","MULTI_MAX_STATES"
"007","443","4","8","B5","BOTTOM:438","438","65536","0","65536","0","0","0","0","MULTI_MAX_STATES","MULTI_MAX_STATES"
"007","444","4","8","B5","BOTTOM:445","445","65536","0","65536","0","0","0","0","MULTI_MAX_STATES","MULTI_MAX_STATES"
"007","445","4","8","B5","BOTTOM:450","450","65536","0","65536","0","0","0","0","MULTI_MAX_STATES","MULTI_MAX_STATES"
"007","446","4","8","B5","BOTTOM:480","480","65536","0","65536","0","0","0","0","MULTI_MAX_STATES","MULTI_MAX_STATES"
"007","447","5","0","B1","BOTTOM:210","210","0","2250","2250","1903","82","0","0","null","null"
"007","448","5","0","B1","BOTTOM:228","228","2250","2196","4446","1876","80","0","0","null","null"
"007","449","5","0","B1","BOTTOM:243","243","4446","2142","6588","1845","78","0","0","null","null"
"007","450","5","0","B1","BOTTOM:260","260","6588","2088","8676","1815","76","0","0","null","null"
"007","451","5","0","B1","BOTTOM:262","262","8676","2088","10764","1815","76","0","0","null","null"
"007","452","5","0","B1","BOTTOM:299","299","10764","2034","12798","1783","74","0","0","null","null"
"007","453","5","0","B1","BOTTOM:321","321","12798","1980","14778","1753","72","0","0","null","null"
"007","454","5","0","B1","BOTTOM:346","346","14778","1872","16650","1683","68","0","0","null","null"
"007","455","5","0","B1","BOTTOM:353","353","16650","1872","18522","1686","68","0","0","null","null"
"007","456","5","0","B1","BOTTOM:391","391","18522","1710","20232","1579","62","0","0","null","null"
"007","457","5","0","B1","BOTTOM:405","405","20232","1656","21888","1544","60","0","0","null","null"
"007","458","5","0","B1","BOTTOM:426","426","21888","1602","23490","1505","58","0","0","null","null"
"007","459","5","0","B1","BOTTOM:438","438","23490","1548","25038","1465","56","0","0","null","null"
"007","460","5","0","B1","BOTTOM:445","445","25038","1548","26586","1465","56","0","0","null","null"
"007","461","5","0","B1","BOTTOM:450","450","26586","1548","28134","1465","56","0","0","null","null"
"007","462","5","0","B1","BOTTOM:480","480","28134","1440","29574","1381","52","0","0","null","null"
"007","463","5","0","B1","BOTTOM:500","500","29574","1440","31014","1383","52","0","0","null","null"
"007","464","5","0","B1","BOTTOM:511","511","31014","1358","32372","1309","49","0","0","null","null"
"007","465","5","0","B1","BOTTOM:529","529","32372","886","33258","854","32","0","0","null","null"
"007","466","5","0","B1","BOTTOM:530","530","33258","886","34144","854","32","0","0","null","null"
"007","467","5","0","B1","BOTTOM:564","564","34144","470","34614","453","17","0","0","null","null"
"007","468","5","0","B1","BOTTOM:585","585","34614","276","34890","266","10","0","0","null","null"
"007","469","5","0","B1","BOTTOM:595","595","34890","194","35084","187","7","0","0","null","null"
"007","470","5","0","B1","BOTTOM:609","609","35084","112","35196","108","4","0","0","null","null"
"007","471","5","0","B1","BOTTOM:611","611","35196","112","35308","108","4","0","0","null","null"
"007","472","5","0","B1","BOTTOM:641","641","35308","58","35366","56","2","0","0","null","null"
"007","473","5","1","T1","TOP:170","170","35366","56","35422","56","0","0","0","null","null"
"007","474","5","1","T1","TOP:236","236","35422","3326","38748","2941","124","22","3","null","null"
"007","475","5","1","T1","TOP:265","265","38748","3270","42018","2926","124","6","3","null","null"
"007","476","5","1","T1","TOP:291","291","42018","3382","45400","2990","132","6","3","null","null"
"007","477","5","1","T1","TOP:317","317","45400","3326","48726","2967","132","3","3","null","null"
"007","478","5","1","T1","TOP:333","333","48726","3382","52108","3002","136","3","3","null","null"
"007","479","5","1","T1","TOP:345","345","52108","3326","55434","2972","134","3","3","null","null"
"007","480","5","1","T1","TOP:365","365","55434","3382","58816","3016","140","0","0","null","null"
"007","481","5","1","T1","TOP:379","379","58816","3382","62198","3016","140","0","0","null","null"
"007","482","5","1","T1","TOP:383","383","62198","3338","65536","2972","140","0","0","null","MULTI_MAX_STATES"
"007","483","5","1","T1","TOP:411","411","65536","0","65536","0","0","0","0","MULTI_MAX_STATES","MULTI_MAX_STATES"
"007","484","5","1","T1","TOP:421","421","65536","0","65536","0","0","0","0","MULTI_MAX_STATES","MULTI_MAX_STATES"
"007","485","5","1","T1","TOP:436","436","65536","0","65536","0","0","0","0","MULTI_MAX_STATES","MULTI_MAX_STATES"
"007","486","5","1","T1","TOP:467","467","65536","0","65536","0","0","0","0","MULTI_MAX_STATES","MULTI_MAX_STATES"
"007","487","5","1","T1","TOP:474","474","65536","0","65536","0","0","0","0","MULTI_MAX_STATES","MULTI_MAX_STATES"
"007","488","5","1","T1","TOP:509","509","65536","0","65536","0","0","0","0","MULTI_MAX_STATES","MULTI_MAX_STATES"
"007","489","5","1","T1","TOP:524","524","65536","0","65536","0","0","0","0","MULTI_MAX_STATES","MULTI_MAX_STATES"
"007","490","5","1","T1","TOP:535","535","65536","0","65536","0","0","0","0","MULTI_MAX_STATES","MULTI_MAX_STATES"
"007","491","5","1","T1","TOP:555","555","65536","0","65536","0","0","0","0","MULTI_MAX_STATES","MULTI_MAX_STATES"
"007","492","5","1","T1","TOP:558","558","65536","0","65536","0","0","0","0","MULTI_MAX_STATES","MULTI_MAX_STATES"
"007","493","5","1","T1","TOP:583","583","65536","0","65536","0","0","0","0","MULTI_MAX_STATES","MULTI_MAX_STATES"
"007","494","5","1","T1","TOP:594","594","65536","0","65536","0","0","0","0","MULTI_MAX_STATES","MULTI_MAX_STATES"
"007","495","5","1","T1","TOP:605","605","65536","0","65536","0","0","0","0","MULTI_MAX_STATES","MULTI_MAX_STATES"
"007","496","5","1","T1","TOP:640","640","65536","0","65536","0","0","0","0","MULTI_MAX_STATES","MULTI_MAX_STATES"
"007","497","5","2","B2","BOTTOM:169","169","65536","0","65536","0","0","0","0","MULTI_MAX_STATES","MULTI_MAX_STATES"
"007","498","5","2","B2","BOTTOM:210","210","65536","0","65536","0","0","0","0","MULTI_MAX_STATES","MULTI_MAX_STATES"
"007","499","5","2","B2","BOTTOM:321","321","65536","0","65536","0","0","0","0","MULTI_MAX_STATES","MULTI_MAX_STATES"
"007","500","5","2","B2","BOTTOM:346","346","65536","0","65536","0","0","0","0","MULTI_MAX_STATES","MULTI_MAX_STATES"
"007","501","5","2","B2","BOTTOM:353","353","65536","0","65536","0","0","0","0","MULTI_MAX_STATES","MULTI_MAX_STATES"
"007","502","5","2","B2","BOTTOM:391","391","65536","0","65536","0","0","0","0","MULTI_MAX_STATES","MULTI_MAX_STATES"
"007","503","5","2","B2","BOTTOM:405","405","65536","0","65536","0","0","0","0","MULTI_MAX_STATES","MULTI_MAX_STATES"
"007","504","5","2","B2","BOTTOM:426","426","65536","0","65536","0","0","0","0","MULTI_MAX_STATES","MULTI_MAX_STATES"
"007","505","5","2","B2","BOTTOM:438","438","65536","0","65536","0","0","0","0","MULTI_MAX_STATES","MULTI_MAX_STATES"
"007","506","5","2","B2","BOTTOM:445","445","65536","0","65536","0","0","0","0","MULTI_MAX_STATES","MULTI_MAX_STATES"
"007","507","5","2","B2","BOTTOM:450","450","65536","0","65536","0","0","0","0","MULTI_MAX_STATES","MULTI_MAX_STATES"
"007","508","5","2","B2","BOTTOM:480","480","65536","0","65536","0","0","0","0","MULTI_MAX_STATES","MULTI_MAX_STATES"
"007","509","5","2","B2","BOTTOM:500","500","65536","0","65536","0","0","0","0","MULTI_MAX_STATES","MULTI_MAX_STATES"
"007","510","5","2","B2","BOTTOM:511","511","65536","0","65536","0","0","0","0","MULTI_MAX_STATES","MULTI_MAX_STATES"
"007","511","5","2","B2","BOTTOM:529","529","65536","0","65536","0","0","0","0","MULTI_MAX_STATES","MULTI_MAX_STATES"
"007","512","5","2","B2","BOTTOM:530","530","65536","0","65536","0","0","0","0","MULTI_MAX_STATES","MULTI_MAX_STATES"
"007","513","5","2","B2","BOTTOM:564","564","65536","0","65536","0","0","0","0","MULTI_MAX_STATES","MULTI_MAX_STATES"
"007","514","5","2","B2","BOTTOM:585","585","65536","0","65536","0","0","0","0","MULTI_MAX_STATES","MULTI_MAX_STATES"
"007","515","5","2","B2","BOTTOM:595","595","65536","0","65536","0","0","0","0","MULTI_MAX_STATES","MULTI_MAX_STATES"
"007","516","5","2","B2","BOTTOM:609","609","65536","0","65536","0","0","0","0","MULTI_MAX_STATES","MULTI_MAX_STATES"
"007","517","5","2","B2","BOTTOM:611","611","65536","0","65536","0","0","0","0","MULTI_MAX_STATES","MULTI_MAX_STATES"
"007","518","5","2","B2","BOTTOM:641","641","65536","0","65536","0","0","0","0","MULTI_MAX_STATES","MULTI_MAX_STATES"
"007","519","5","3","T2","TOP:170","170","65536","0","65536","0","0","0","0","MULTI_MAX_STATES","MULTI_MAX_STATES"
"007","520","5","3","T2","TOP:179","179","65536","0","65536","0","0","0","0","MULTI_MAX_STATES","MULTI_MAX_STATES"
"007","521","5","3","T2","TOP:195","195","65536","0","65536","0","0","0","0","MULTI_MAX_STATES","MULTI_MAX_STATES"
"007","522","5","3","T2","TOP:199","199","65536","0","65536","0","0","0","0","MULTI_MAX_STATES","MULTI_MAX_STATES"
"007","523","5","3","T2","TOP:222","222","65536","0","65536","0","0","0","0","MULTI_MAX_STATES","MULTI_MAX_STATES"
"007","524","5","3","T2","TOP:411","411","65536","0","65536","0","0","0","0","MULTI_MAX_STATES","MULTI_MAX_STATES"
"007","525","5","3","T2","TOP:421","421","65536","0","65536","0","0","0","0","MULTI_MAX_STATES","MULTI_MAX_STATES"
"007","526","5","3","T2","TOP:436","436","65536","0","65536","0","0","0","0","MULTI_MAX_STATES","MULTI_MAX_STATES"
"007","527","5","3","T2","TOP:467","467","65536","0","65536","0","0","0","0","MULTI_MAX_STATES","MULTI_MAX_STATES"
"007","528","5","3","T2","TOP:474","474","65536","0","65536","0","0","0","0","MULTI_MAX_STATES","MULTI_MAX_STATES"
"007","529","5","3","T2","TOP:509","509","65536","0","65536","0","0","0","0","MULTI_MAX_STATES","MULTI_MAX_STATES"
"007","530","5","3","T2","TOP:524","524","65536","0","65536","0","0","0","0","MULTI_MAX_STATES","MULTI_MAX_STATES"
"007","531","5","3","T2","TOP:535","535","65536","0","65536","0","0","0","0","MULTI_MAX_STATES","MULTI_MAX_STATES"
"007","532","5","3","T2","TOP:555","555","65536","0","65536","0","0","0","0","MULTI_MAX_STATES","MULTI_MAX_STATES"
"007","533","5","3","T2","TOP:558","558","65536","0","65536","0","0","0","0","MULTI_MAX_STATES","MULTI_MAX_STATES"
"007","534","5","3","T2","TOP:583","583","65536","0","65536","0","0","0","0","MULTI_MAX_STATES","MULTI_MAX_STATES"
"007","535","5","3","T2","TOP:594","594","65536","0","65536","0","0","0","0","MULTI_MAX_STATES","MULTI_MAX_STATES"
"007","536","5","3","T2","TOP:605","605","65536","0","65536","0","0","0","0","MULTI_MAX_STATES","MULTI_MAX_STATES"
"007","537","5","3","T2","TOP:640","640","65536","0","65536","0","0","0","0","MULTI_MAX_STATES","MULTI_MAX_STATES"
"007","538","5","4","B3","BOTTOM:169","169","65536","0","65536","0","0","0","0","MULTI_MAX_STATES","MULTI_MAX_STATES"
"007","539","5","4","B3","BOTTOM:210","210","65536","0","65536","0","0","0","0","MULTI_MAX_STATES","MULTI_MAX_STATES"
"007","540","5","4","B3","BOTTOM:228","228","65536","0","65536","0","0","0","0","MULTI_MAX_STATES","MULTI_MAX_STATES"
"007","541","5","4","B3","BOTTOM:243","243","65536","0","65536","0","0","0","0","MULTI_MAX_STATES","MULTI_MAX_STATES"
"007","542","5","4","B3","BOTTOM:260","260","65536","0","65536","0","0","0","0","MULTI_MAX_STATES","MULTI_MAX_STATES"
"007","543","5","4","B3","BOTTOM:262","262","65536","0","65536","0","0","0","0","MULTI_MAX_STATES","MULTI_MAX_STATES"
"007","544","5","4","B3","BOTTOM:426","426","65536","0","65536","0","0","0","0","MULTI_MAX_STATES","MULTI_MAX_STATES"
"007","545","5","4","B3","BOTTOM:438","438","65536","0","65536","0","0","0","0","MULTI_MAX_STATES","MULTI_MAX_STATES"
"007","546","5","4","B3","BOTTOM:445","445","65536","0","65536","0","0","0","0","MULTI_MAX_STATES","MULTI_MAX_STATES"
"007","547","5","4","B3","BOTTOM:450","450","65536","0","65536","0","0","0","0","MULTI_MAX_STATES","MULTI_MAX_STATES"
"007","548","5","4","B3","BOTTOM:480","480","65536","0","65536","0","0","0","0","MULTI_MAX_STATES","MULTI_MAX_STATES"
"007","549","5","4","B3","BOTTOM:500","500","65536","0","65536","0","0","0","0","MULTI_MAX_STATES","MULTI_MAX_STATES"
"007","550","5","4","B3","BOTTOM:511","511","65536","0","65536","0","0","0","0","MULTI_MAX_STATES","MULTI_MAX_STATES"
"007","551","5","4","B3","BOTTOM:529","529","65536","0","65536","0","0","0","0","MULTI_MAX_STATES","MULTI_MAX_STATES"
"007","552","5","4","B3","BOTTOM:530","530","65536","0","65536","0","0","0","0","MULTI_MAX_STATES","MULTI_MAX_STATES"
"007","553","5","4","B3","BOTTOM:564","564","65536","0","65536","0","0","0","0","MULTI_MAX_STATES","MULTI_MAX_STATES"
"007","554","5","4","B3","BOTTOM:585","585","65536","0","65536","0","0","0","0","MULTI_MAX_STATES","MULTI_MAX_STATES"
"007","555","5","4","B3","BOTTOM:595","595","65536","0","65536","0","0","0","0","MULTI_MAX_STATES","MULTI_MAX_STATES"
"007","556","5","4","B3","BOTTOM:609","609","65536","0","65536","0","0","0","0","MULTI_MAX_STATES","MULTI_MAX_STATES"
"007","557","5","4","B3","BOTTOM:611","611","65536","0","65536","0","0","0","0","MULTI_MAX_STATES","MULTI_MAX_STATES"
"007","558","5","4","B3","BOTTOM:641","641","65536","0","65536","0","0","0","0","MULTI_MAX_STATES","MULTI_MAX_STATES"
"007","559","5","5","T3","TOP:170","170","65536","0","65536","0","0","0","0","MULTI_MAX_STATES","MULTI_MAX_STATES"
"007","560","5","5","T3","TOP:179","179","65536","0","65536","0","0","0","0","MULTI_MAX_STATES","MULTI_MAX_STATES"
"007","561","5","5","T3","TOP:195","195","65536","0","65536","0","0","0","0","MULTI_MAX_STATES","MULTI_MAX_STATES"
"007","562","5","5","T3","TOP:199","199","65536","0","65536","0","0","0","0","MULTI_MAX_STATES","MULTI_MAX_STATES"
"007","563","5","5","T3","TOP:222","222","65536","0","65536","0","0","0","0","MULTI_MAX_STATES","MULTI_MAX_STATES"
"007","564","5","5","T3","TOP:236","236","65536","0","65536","0","0","0","0","MULTI_MAX_STATES","MULTI_MAX_STATES"
"007","565","5","5","T3","TOP:265","265","65536","0","65536","0","0","0","0","MULTI_MAX_STATES","MULTI_MAX_STATES"
"007","566","5","5","T3","TOP:291","291","65536","0","65536","0","0","0","0","MULTI_MAX_STATES","MULTI_MAX_STATES"
"007","567","5","5","T3","TOP:467","467","65536","0","65536","0","0","0","0","MULTI_MAX_STATES","MULTI_MAX_STATES"
"007","568","5","5","T3","TOP:474","474","65536","0","65536","0","0","0","0","MULTI_MAX_STATES","MULTI_MAX_STATES"
"007","569","5","5","T3","TOP:509","509","65536","0","65536","0","0","0","0","MULTI_MAX_STATES","MULTI_MAX_STATES"
"007","570","5","5","T3","TOP:524","524","65536","0","65536","0","0","0","0","MULTI_MAX_STATES","MULTI_MAX_STATES"
"007","571","5","5","T3","TOP:535","535","65536","0","65536","0","0","0","0","MULTI_MAX_STATES","MULTI_MAX_STATES"
"007","572","5","5","T3","TOP:555","555","65536","0","65536","0","0","0","0","MULTI_MAX_STATES","MULTI_MAX_STATES"
"007","573","5","5","T3","TOP:558","558","65536","0","65536","0","0","0","0","MULTI_MAX_STATES","MULTI_MAX_STATES"
"007","574","5","5","T3","TOP:583","583","65536","0","65536","0","0","0","0","MULTI_MAX_STATES","MULTI_MAX_STATES"
"007","575","5","5","T3","TOP:594","594","65536","0","65536","0","0","0","0","MULTI_MAX_STATES","MULTI_MAX_STATES"
"007","576","5","5","T3","TOP:605","605","65536","0","65536","0","0","0","0","MULTI_MAX_STATES","MULTI_MAX_STATES"
"007","577","5","5","T3","TOP:640","640","65536","0","65536","0","0","0","0","MULTI_MAX_STATES","MULTI_MAX_STATES"
"007","578","5","6","B4","BOTTOM:169","169","65536","0","65536","0","0","0","0","MULTI_MAX_STATES","MULTI_MAX_STATES"
"007","579","5","6","B4","BOTTOM:210","210","65536","0","65536","0","0","0","0","MULTI_MAX_STATES","MULTI_MAX_STATES"
"007","580","5","6","B4","BOTTOM:228","228","65536","0","65536","0","0","0","0","MULTI_MAX_STATES","MULTI_MAX_STATES"
"007","581","5","6","B4","BOTTOM:243","243","65536","0","65536","0","0","0","0","MULTI_MAX_STATES","MULTI_MAX_STATES"
"007","582","5","6","B4","BOTTOM:260","260","65536","0","65536","0","0","0","0","MULTI_MAX_STATES","MULTI_MAX_STATES"
"007","583","5","6","B4","BOTTOM:262","262","65536","0","65536","0","0","0","0","MULTI_MAX_STATES","MULTI_MAX_STATES"
"007","584","5","6","B4","BOTTOM:299","299","65536","0","65536","0","0","0","0","MULTI_MAX_STATES","MULTI_MAX_STATES"
"007","585","5","6","B4","BOTTOM:321","321","65536","0","65536","0","0","0","0","MULTI_MAX_STATES","MULTI_MAX_STATES"
"007","586","5","6","B4","BOTTOM:346","346","65536","0","65536","0","0","0","0","MULTI_MAX_STATES","MULTI_MAX_STATES"
"007","587","5","6","B4","BOTTOM:353","353","65536","0","65536","0","0","0","0","MULTI_MAX_STATES","MULTI_MAX_STATES"
"007","588","5","6","B4","BOTTOM:391","391","65536","0","65536","0","0","0","0","MULTI_MAX_STATES","MULTI_MAX_STATES"
"007","589","5","6","B4","BOTTOM:480","480","65536","0","65536","0","0","0","0","MULTI_MAX_STATES","MULTI_MAX_STATES"
"007","590","5","6","B4","BOTTOM:500","500","65536","0","65536","0","0","0","0","MULTI_MAX_STATES","MULTI_MAX_STATES"
"007","591","5","6","B4","BOTTOM:511","511","65536","0","65536","0","0","0","0","MULTI_MAX_STATES","MULTI_MAX_STATES"
"007","592","5","6","B4","BOTTOM:529","529","65536","0","65536","0","0","0","0","MULTI_MAX_STATES","MULTI_MAX_STATES"
"007","593","5","6","B4","BOTTOM:530","530","65536","0","65536","0","0","0","0","MULTI_MAX_STATES","MULTI_MAX_STATES"
"007","594","5","6","B4","BOTTOM:564","564","65536","0","65536","0","0","0","0","MULTI_MAX_STATES","MULTI_MAX_STATES"
"007","595","5","6","B4","BOTTOM:585","585","65536","0","65536","0","0","0","0","MULTI_MAX_STATES","MULTI_MAX_STATES"
"007","596","5","6","B4","BOTTOM:595","595","65536","0","65536","0","0","0","0","MULTI_MAX_STATES","MULTI_MAX_STATES"
"007","597","5","6","B4","BOTTOM:609","609","65536","0","65536","0","0","0","0","MULTI_MAX_STATES","MULTI_MAX_STATES"
"007","598","5","6","B4","BOTTOM:611","611","65536","0","65536","0","0","0","0","MULTI_MAX_STATES","MULTI_MAX_STATES"
"007","599","5","6","B4","BOTTOM:641","641","65536","0","65536","0","0","0","0","MULTI_MAX_STATES","MULTI_MAX_STATES"
"007","600","5","7","T4","TOP:170","170","65536","0","65536","0","0","0","0","MULTI_MAX_STATES","MULTI_MAX_STATES"
"007","601","5","7","T4","TOP:179","179","65536","0","65536","0","0","0","0","MULTI_MAX_STATES","MULTI_MAX_STATES"
"007","602","5","7","T4","TOP:195","195","65536","0","65536","0","0","0","0","MULTI_MAX_STATES","MULTI_MAX_STATES"
"007","603","5","7","T4","TOP:199","199","65536","0","65536","0","0","0","0","MULTI_MAX_STATES","MULTI_MAX_STATES"
"007","604","5","7","T4","TOP:222","222","65536","0","65536","0","0","0","0","MULTI_MAX_STATES","MULTI_MAX_STATES"
"007","605","5","7","T4","TOP:236","236","65536","0","65536","0","0","0","0","MULTI_MAX_STATES","MULTI_MAX_STATES"
"007","606","5","7","T4","TOP:265","265","65536","0","65536","0","0","0","0","MULTI_MAX_STATES","MULTI_MAX_STATES"
"007","607","5","7","T4","TOP:291","291","65536","0","65536","0","0","0","0","MULTI_MAX_STATES","MULTI_MAX_STATES"
"007","608","5","7","T4","TOP:317","317","65536","0","65536","0","0","0","0","MULTI_MAX_STATES","MULTI_MAX_STATES"
"007","609","5","7","T4","TOP:333","333","65536","0","65536","0","0","0","0","MULTI_MAX_STATES","MULTI_MAX_STATES"
"007","610","5","7","T4","TOP:345","345","65536","0","65536","0","0","0","0","MULTI_MAX_STATES","MULTI_MAX_STATES"
"007","611","5","7","T4","TOP:365","365","65536","0","65536","0","0","0","0","MULTI_MAX_STATES","MULTI_MAX_STATES"
"007","612","5","7","T4","TOP:379","379","65536","0","65536","0","0","0","0","MULTI_MAX_STATES","MULTI_MAX_STATES"
"007","613","5","7","T4","TOP:383","383","65536","0","65536","0","0","0","0","MULTI_MAX_STATES","MULTI_MAX_STATES"
"007","614","5","7","T4","TOP:411","411","65536","0","65536","0","0","0","0","MULTI_MAX_STATES","MULTI_MAX_STATES"
"007","615","5","7","T4","TOP:421","421","65536","0","65536","0","0","0","0","MULTI_MAX_STATES","MULTI_MAX_STATES"
"007","616","5","7","T4","TOP:436","436","65536","0","65536","0","0","0","0","MULTI_MAX_STATES","MULTI_MAX_STATES"
"007","617","5","7","T4","TOP:509","509","65536","0","65536","0","0","0","0","MULTI_MAX_STATES","MULTI_MAX_STATES"
"007","618","5","7","T4","TOP:524","524","65536","0","65536","0","0","0","0","MULTI_MAX_STATES","MULTI_MAX_STATES"
"007","619","5","7","T4","TOP:535","535","65536","0","65536","0","0","0","0","MULTI_MAX_STATES","MULTI_MAX_STATES"
"007","620","5","7","T4","TOP:555","555","65536","0","65536","0","0","0","0","MULTI_MAX_STATES","MULTI_MAX_STATES"
"007","621","5","7","T4","TOP:558","558","65536","0","65536","0","0","0","0","MULTI_MAX_STATES","MULTI_MAX_STATES"
"007","622","5","7","T4","TOP:583","583","65536","0","65536","0","0","0","0","MULTI_MAX_STATES","MULTI_MAX_STATES"
"007","623","5","7","T4","TOP:594","594","65536","0","65536","0","0","0","0","MULTI_MAX_STATES","MULTI_MAX_STATES"
"007","624","5","7","T4","TOP:605","605","65536","0","65536","0","0","0","0","MULTI_MAX_STATES","MULTI_MAX_STATES"
"007","625","5","7","T4","TOP:640","640","65536","0","65536","0","0","0","0","MULTI_MAX_STATES","MULTI_MAX_STATES"
"007","626","5","8","B5","BOTTOM:169","169","65536","0","65536","0","0","0","0","MULTI_MAX_STATES","MULTI_MAX_STATES"
"007","627","5","8","B5","BOTTOM:210","210","65536","0","65536","0","0","0","0","MULTI_MAX_STATES","MULTI_MAX_STATES"
"007","628","5","8","B5","BOTTOM:228","228","65536","0","65536","0","0","0","0","MULTI_MAX_STATES","MULTI_MAX_STATES"
"007","629","5","8","B5","BOTTOM:243","243","65536","0","65536","0","0","0","0","MULTI_MAX_STATES","MULTI_MAX_STATES"
"007","630","5","8","B5","BOTTOM:260","260","65536","0","65536","0","0","0","0","MULTI_MAX_STATES","MULTI_MAX_STATES"
"007","631","5","8","B5","BOTTOM:262","262","65536","0","65536","0","0","0","0","MULTI_MAX_STATES","MULTI_MAX_STATES"
"007","632","5","8","B5","BOTTOM:299","299","65536","0","65536","0","0","0","0","MULTI_MAX_STATES","MULTI_MAX_STATES"
"007","633","5","8","B5","BOTTOM:321","321","65536","0","65536","0","0","0","0","MULTI_MAX_STATES","MULTI_MAX_STATES"
"007","634","5","8","B5","BOTTOM:346","346","65536","0","65536","0","0","0","0","MULTI_MAX_STATES","MULTI_MAX_STATES"
"007","635","5","8","B5","BOTTOM:353","353","65536","0","65536","0","0","0","0","MULTI_MAX_STATES","MULTI_MAX_STATES"
"007","636","5","8","B5","BOTTOM:391","391","65536","0","65536","0","0","0","0","MULTI_MAX_STATES","MULTI_MAX_STATES"
"007","637","5","8","B5","BOTTOM:405","405","65536","0","65536","0","0","0","0","MULTI_MAX_STATES","MULTI_MAX_STATES"
"007","638","5","8","B5","BOTTOM:426","426","65536","0","65536","0","0","0","0","MULTI_MAX_STATES","MULTI_MAX_STATES"
"007","639","5","8","B5","BOTTOM:438","438","65536","0","65536","0","0","0","0","MULTI_MAX_STATES","MULTI_MAX_STATES"
"007","640","5","8","B5","BOTTOM:445","445","65536","0","65536","0","0","0","0","MULTI_MAX_STATES","MULTI_MAX_STATES"
"007","641","5","8","B5","BOTTOM:450","450","65536","0","65536","0","0","0","0","MULTI_MAX_STATES","MULTI_MAX_STATES"
"007","642","5","8","B5","BOTTOM:480","480","65536","0","65536","0","0","0","0","MULTI_MAX_STATES","MULTI_MAX_STATES"
"007","643","5","8","B5","BOTTOM:529","529","65536","0","65536","0","0","0","0","MULTI_MAX_STATES","MULTI_MAX_STATES"
"007","644","5","8","B5","BOTTOM:530","530","65536","0","65536","0","0","0","0","MULTI_MAX_STATES","MULTI_MAX_STATES"
"007","645","5","8","B5","BOTTOM:564","564","65536","0","65536","0","0","0","0","MULTI_MAX_STATES","MULTI_MAX_STATES"
"007","646","5","8","B5","BOTTOM:585","585","65536","0","65536","0","0","0","0","MULTI_MAX_STATES","MULTI_MAX_STATES"
"007","647","5","8","B5","BOTTOM:595","595","65536","0","65536","0","0","0","0","MULTI_MAX_STATES","MULTI_MAX_STATES"
"007","648","5","8","B5","BOTTOM:609","609","65536","0","65536","0","0","0","0","MULTI_MAX_STATES","MULTI_MAX_STATES"
"007","649","5","8","B5","BOTTOM:611","611","65536","0","65536","0","0","0","0","MULTI_MAX_STATES","MULTI_MAX_STATES"
"007","650","5","8","B5","BOTTOM:641","641","65536","0","65536","0","0","0","0","MULTI_MAX_STATES","MULTI_MAX_STATES"
"007","651","5","9","T5","TOP:170","170","65536","0","65536","0","0","0","0","MULTI_MAX_STATES","MULTI_MAX_STATES"
"007","652","5","9","T5","TOP:179","179","65536","0","65536","0","0","0","0","MULTI_MAX_STATES","MULTI_MAX_STATES"
"007","653","5","9","T5","TOP:195","195","65536","0","65536","0","0","0","0","MULTI_MAX_STATES","MULTI_MAX_STATES"
"007","654","5","9","T5","TOP:199","199","65536","0","65536","0","0","0","0","MULTI_MAX_STATES","MULTI_MAX_STATES"
"007","655","5","9","T5","TOP:222","222","65536","0","65536","0","0","0","0","MULTI_MAX_STATES","MULTI_MAX_STATES"
"007","656","5","9","T5","TOP:236","236","65536","0","65536","0","0","0","0","MULTI_MAX_STATES","MULTI_MAX_STATES"
"007","657","5","9","T5","TOP:265","265","65536","0","65536","0","0","0","0","MULTI_MAX_STATES","MULTI_MAX_STATES"
"007","658","5","9","T5","TOP:291","291","65536","0","65536","0","0","0","0","MULTI_MAX_STATES","MULTI_MAX_STATES"
"007","659","5","9","T5","TOP:317","317","65536","0","65536","0","0","0","0","MULTI_MAX_STATES","MULTI_MAX_STATES"
"007","660","5","9","T5","TOP:333","333","65536","0","65536","0","0","0","0","MULTI_MAX_STATES","MULTI_MAX_STATES"
"007","661","5","9","T5","TOP:345","345","65536","0","65536","0","0","0","0","MULTI_MAX_STATES","MULTI_MAX_STATES"
"007","662","5","9","T5","TOP:365","365","65536","0","65536","0","0","0","0","MULTI_MAX_STATES","MULTI_MAX_STATES"
"007","663","5","9","T5","TOP:379","379","65536","0","65536","0","0","0","0","MULTI_MAX_STATES","MULTI_MAX_STATES"
"007","664","5","9","T5","TOP:383","383","65536","0","65536","0","0","0","0","MULTI_MAX_STATES","MULTI_MAX_STATES"
"007","665","5","9","T5","TOP:411","411","65536","0","65536","0","0","0","0","MULTI_MAX_STATES","MULTI_MAX_STATES"
"007","666","5","9","T5","TOP:421","421","65536","0","65536","0","0","0","0","MULTI_MAX_STATES","MULTI_MAX_STATES"
"007","667","5","9","T5","TOP:436","436","65536","0","65536","0","0","0","0","MULTI_MAX_STATES","MULTI_MAX_STATES"
"007","668","5","9","T5","TOP:467","467","65536","0","65536","0","0","0","0","MULTI_MAX_STATES","MULTI_MAX_STATES"
"007","669","5","9","T5","TOP:474","474","65536","0","65536","0","0","0","0","MULTI_MAX_STATES","MULTI_MAX_STATES"
"007","670","5","9","T5","TOP:640","640","65536","0","65536","0","0","0","0","MULTI_MAX_STATES","MULTI_MAX_STATES"
"007","671","5","10","B6","BOTTOM:169","169","65536","0","65536","0","0","0","0","MULTI_MAX_STATES","MULTI_MAX_STATES"
"007","672","5","10","B6","BOTTOM:210","210","65536","0","65536","0","0","0","0","MULTI_MAX_STATES","MULTI_MAX_STATES"
"007","673","5","10","B6","BOTTOM:228","228","65536","0","65536","0","0","0","0","MULTI_MAX_STATES","MULTI_MAX_STATES"
"007","674","5","10","B6","BOTTOM:243","243","65536","0","65536","0","0","0","0","MULTI_MAX_STATES","MULTI_MAX_STATES"
"007","675","5","10","B6","BOTTOM:260","260","65536","0","65536","0","0","0","0","MULTI_MAX_STATES","MULTI_MAX_STATES"
"007","676","5","10","B6","BOTTOM:262","262","65536","0","65536","0","0","0","0","MULTI_MAX_STATES","MULTI_MAX_STATES"
"007","677","5","10","B6","BOTTOM:299","299","65536","0","65536","0","0","0","0","MULTI_MAX_STATES","MULTI_MAX_STATES"
"007","678","5","10","B6","BOTTOM:321","321","65536","0","65536","0","0","0","0","MULTI_MAX_STATES","MULTI_MAX_STATES"
"007","679","5","10","B6","BOTTOM:346","346","65536","0","65536","0","0","0","0","MULTI_MAX_STATES","MULTI_MAX_STATES"
"007","680","5","10","B6","BOTTOM:353","353","65536","0","65536","0","0","0","0","MULTI_MAX_STATES","MULTI_MAX_STATES"
"007","681","5","10","B6","BOTTOM:391","391","65536","0","65536","0","0","0","0","MULTI_MAX_STATES","MULTI_MAX_STATES"
"007","682","5","10","B6","BOTTOM:405","405","65536","0","65536","0","0","0","0","MULTI_MAX_STATES","MULTI_MAX_STATES"
"007","683","5","10","B6","BOTTOM:426","426","65536","0","65536","0","0","0","0","MULTI_MAX_STATES","MULTI_MAX_STATES"
"007","684","5","10","B6","BOTTOM:438","438","65536","0","65536","0","0","0","0","MULTI_MAX_STATES","MULTI_MAX_STATES"
"007","685","5","10","B6","BOTTOM:445","445","65536","0","65536","0","0","0","0","MULTI_MAX_STATES","MULTI_MAX_STATES"
"007","686","5","10","B6","BOTTOM:450","450","65536","0","65536","0","0","0","0","MULTI_MAX_STATES","MULTI_MAX_STATES"
"007","687","5","10","B6","BOTTOM:480","480","65536","0","65536","0","0","0","0","MULTI_MAX_STATES","MULTI_MAX_STATES"
"007","688","5","10","B6","BOTTOM:500","500","65536","0","65536","0","0","0","0","MULTI_MAX_STATES","MULTI_MAX_STATES"
"007","689","5","10","B6","BOTTOM:511","511","65536","0","65536","0","0","0","0","MULTI_MAX_STATES","MULTI_MAX_STATES"
"007","690","5","10","B6","BOTTOM:529","529","65536","0","65536","0","0","0","0","MULTI_MAX_STATES","MULTI_MAX_STATES"
"007","691","5","10","B6","BOTTOM:530","530","65536","0","65536","0","0","0","0","MULTI_MAX_STATES","MULTI_MAX_STATES"
"009","1","1","0","B1","BOTTOM:75","249","0","601","601","575","23","3","3","null","null"
"009","2","1","0","B1","BOTTOM:96","270","601","575","1176","553","22","0","0","null","null"
"009","3","1","0","B1","BOTTOM:97","271","1176","549","1725","528","21","0","0","null","null"
"009","4","1","0","B1","BOTTOM:98","272","1725","549","2274","528","21","0","0","null","null"
"009","5","1","0","B1","BOTTOM:117","291","2274","523","2797","503","20","0","0","null","null"
"009","6","1","0","B1","BOTTOM:128","302","2797","523","3320","503","20","0","0","null","null"
"009","7","1","0","B1","BOTTOM:137","311","3320","497","3817","478","19","0","0","null","null"
"009","8","1","0","B1","BOTTOM:157","331","3817","497","4314","478","19","0","0","null","null"
"009","9","1","0","B1","BOTTOM:174","348","4314","471","4785","453","18","0","0","null","null"
"009","10","1","0","B1","BOTTOM:191","365","4785","445","5230","428","17","0","0","null","null"
"009","11","1","0","B1","BOTTOM:210","384","5230","341","5571","328","13","0","0","null","null"
"009","12","1","0","B1","BOTTOM:249","423","5571","315","5886","303","12","0","0","null","null"
"009","13","1","0","B1","BOTTOM:262","436","5886","289","6175","278","11","0","0","null","null"
"009","14","1","0","B1","BOTTOM:287","461","6175","237","6412","228","9","0","0","null","null"
"009","15","1","0","B1","BOTTOM:302","476","6412","211","6623","203","8","0","0","null","null"
"009","16","1","0","B1","BOTTOM:327","501","6623","185","6808","178","7","0","0","null","null"
"009","17","1","0","B1","BOTTOM:328","502","6808","185","6993","178","7","0","0","null","null"
"009","18","1","0","B1","BOTTOM:358","532","6993","107","7100","103","4","0","0","null","null"
"009","19","1","0","B1","BOTTOM:371","545","7100","107","7207","103","4","0","0","null","null"
"009","20","1","0","B1","BOTTOM:386","560","7207","81","7288","78","3","0","0","null","null"
"009","21","1","0","B1","BOTTOM:404","578","7288","55","7343","53","2","0","0","null","null"
"009","22","1","0","B1","BOTTOM:425","599","7343","29","7372","28","1","0","0","null","null"
"009","23","1","1","T1","TOP:423","597","7372","701","8073","651","50","0","0","null","null"
"009","24","1","2","B2","BOTTOM:16","190","8073","26","8099","26","0","0","0","null","null"
"009","25","1","2","B2","BOTTOM:17","191","8099","26","8125","26","0","0","0","null","null"
"009","26","1","2","B2","BOTTOM:25","199","8125","26","8151","26","0","0","0","null","null"
"009","27","1","2","B2","BOTTOM:57","231","8151","121","8272","107","14","0","0","null","null"
"009","28","2","0","B1","BOTTOM:75","249","0","2098","2098","1846","78","3","3","null","null"
"009","29","2","0","B1","BOTTOM:96","270","2098","2046","4144","1820","76","0","0","null","null"
"009","30","2","0","B1","BOTTOM:97","271","4144","1994","6138","1785","74","0","0","null","null"
"009","31","2","0","B1","BOTTOM:98","272","6138","1994","8132","1785","74","0","0","null","null"
"009","32","2","0","B1","BOTTOM:117","291","8132","1942","10074","1751","72","0","0","null","null"
"009","33","2","0","B1","BOTTOM:128","302","10074","1942","12016","1751","72","0","0","null","null"
"009","34","2","0","B1","BOTTOM:137","311","12016","1890","13906","1716","70","0","0","null","null"
"009","35","2","0","B1","BOTTOM:157","331","13906","1890","15796","1717","70","0","0","null","null"
"009","36","2","0","B1","BOTTOM:174","348","15796","1838","17634","1682","68","0","0","null","null"
"009","37","2","0","B1","BOTTOM:191","365","17634","1786","19420","1643","66","0","0","null","null"
"009","38","2","0","B1","BOTTOM:210","384","19420","1578","20998","1488","58","0","0","null","null"
"009","39","2","0","B1","BOTTOM:249","423","20998","1526","22524","1450","56","0","0","null","null"
"009","40","2","0","B1","BOTTOM:262","436","22524","1474","23998","1410","54","0","0","null","null"
"009","41","2","0","B1","BOTTOM:287","461","23998","1202","25200","1158","44","0","0","null","null"
"009","42","2","0","B1","BOTTOM:302","476","25200","1010","26210","973","37","0","0","null","null"
"009","43","2","0","B1","BOTTOM:327","501","26210","734","26944","707","27","0","0","null","null"
"009","44","2","0","B1","BOTTOM:328","502","26944","734","27678","707","27","0","0","null","null"
"009","45","2","0","B1","BOTTOM:358","532","27678","326","28004","314","12","0","0","null","null"
"009","46","2","0","B1","BOTTOM:371","545","28004","270","28274","260","10","0","0","null","null"
"009","47","2","0","B1","BOTTOM:386","560","28274","162","28436","156","6","0","0","null","null"
"009","48","2","0","B1","BOTTOM:404","578","28436","110","28546","106","4","0","0","null","null"
"009","49","2","0","B1","BOTTOM:425","599","28546","58","28604","56","2","0","0","null","null"
"009","50","2","1","T1","TOP:144","318","28604","3214","31818","2874","136","0","0","null","null"
"009","51","2","1","T1","TOP:166","340","31818","3266","35084","2921","142","0","0","null","null"
"009","52","2","1","T1","TOP:186","360","35084","3208","38292","2906","142","0","0","null","null"
"009","53","2","1","T1","TOP:199","373","38292","3262","41554","2945","146","0","0","null","null"
"009","54","2","1","T1","TOP:200","374","41554","3262","44816","2945","146","0","0","null","null"
"009","55","2","1","T1","TOP:207","381","44816","3206","48022","2915","144","0","0","null","null"
"009","56","2","1","T1","TOP:216","390","48022","3206","51228","2915","144","0","0","null","null"
"009","57","2","1","T1","TOP:239","413","51228","3260","54488","2955","148","0","0","null","null"
"009","58","2","1","T1","TOP:257","431","54488","3202","57690","2939","148","0","0","null","null"
"009","59","2","1","T1","TOP:275","449","57690","3256","60946","2982","152","0","0","null","null"
"009","60","2","1","T1","TOP:289","463","60946","3096","64042","2847","146","0","0","null","null"
"009","61","2","1","T1","TOP:303","477","64042","1494","65536","1290","112","0","0","null","MULTI_MAX_STATES"
"009","62","2","1","T1","TOP:333","507","65536","0","65536","0","0","0","0","MULTI_MAX_STATES","MULTI_MAX_STATES"
"009","63","2","1","T1","TOP:353","527","65536","0","65536","0","0","0","0","MULTI_MAX_STATES","MULTI_MAX_STATES"
"009","64","2","1","T1","TOP:354","528","65536","0","65536","0","0","0","0","MULTI_MAX_STATES","MULTI_MAX_STATES"
"009","65","2","1","T1","TOP:360","534","65536","0","65536","0","0","0","0","MULTI_MAX_STATES","MULTI_MAX_STATES"
"009","66","2","1","T1","TOP:380","554","65536","0","65536","0","0","0","0","MULTI_MAX_STATES","MULTI_MAX_STATES"
"009","67","2","1","T1","TOP:394","568","65536","0","65536","0","0","0","0","MULTI_MAX_STATES","MULTI_MAX_STATES"
"009","68","2","1","T1","TOP:423","597","65536","0","65536","0","0","0","0","MULTI_MAX_STATES","MULTI_MAX_STATES"
"009","69","2","2","B2","BOTTOM:16","190","65536","0","65536","0","0","0","0","MULTI_MAX_STATES","MULTI_MAX_STATES"
"009","70","2","2","B2","BOTTOM:17","191","65536","0","65536","0","0","0","0","MULTI_MAX_STATES","MULTI_MAX_STATES"
"009","71","2","2","B2","BOTTOM:25","199","65536","0","65536","0","0","0","0","MULTI_MAX_STATES","MULTI_MAX_STATES"
"009","72","2","2","B2","BOTTOM:57","231","65536","0","65536","0","0","0","0","MULTI_MAX_STATES","MULTI_MAX_STATES"
"009","73","2","2","B2","BOTTOM:157","331","65536","0","65536","0","0","0","0","MULTI_MAX_STATES","MULTI_MAX_STATES"
"009","74","2","2","B2","BOTTOM:174","348","65536","0","65536","0","0","0","0","MULTI_MAX_STATES","MULTI_MAX_STATES"
"009","75","2","2","B2","BOTTOM:191","365","65536","0","65536","0","0","0","0","MULTI_MAX_STATES","MULTI_MAX_STATES"
"009","76","2","2","B2","BOTTOM:210","384","65536","0","65536","0","0","0","0","MULTI_MAX_STATES","MULTI_MAX_STATES"
"009","77","2","2","B2","BOTTOM:249","423","65536","0","65536","0","0","0","0","MULTI_MAX_STATES","MULTI_MAX_STATES"
"009","78","2","2","B2","BOTTOM:262","436","65536","0","65536","0","0","0","0","MULTI_MAX_STATES","MULTI_MAX_STATES"
"009","79","2","2","B2","BOTTOM:287","461","65536","0","65536","0","0","0","0","MULTI_MAX_STATES","MULTI_MAX_STATES"
"009","80","2","2","B2","BOTTOM:302","476","65536","0","65536","0","0","0","0","MULTI_MAX_STATES","MULTI_MAX_STATES"
"009","81","2","2","B2","BOTTOM:327","501","65536","0","65536","0","0","0","0","MULTI_MAX_STATES","MULTI_MAX_STATES"
"009","82","2","2","B2","BOTTOM:328","502","65536","0","65536","0","0","0","0","MULTI_MAX_STATES","MULTI_MAX_STATES"
"009","83","2","2","B2","BOTTOM:358","532","65536","0","65536","0","0","0","0","MULTI_MAX_STATES","MULTI_MAX_STATES"
"009","84","2","2","B2","BOTTOM:371","545","65536","0","65536","0","0","0","0","MULTI_MAX_STATES","MULTI_MAX_STATES"
"009","85","2","2","B2","BOTTOM:386","560","65536","0","65536","0","0","0","0","MULTI_MAX_STATES","MULTI_MAX_STATES"
"009","86","2","2","B2","BOTTOM:404","578","65536","0","65536","0","0","0","0","MULTI_MAX_STATES","MULTI_MAX_STATES"
"009","87","2","2","B2","BOTTOM:425","599","65536","0","65536","0","0","0","0","MULTI_MAX_STATES","MULTI_MAX_STATES"
"009","88","2","3","T2","TOP:29","203","65536","0","65536","0","0","0","0","MULTI_MAX_STATES","MULTI_MAX_STATES"
"009","89","2","3","T2","TOP:38","212","65536","0","65536","0","0","0","0","MULTI_MAX_STATES","MULTI_MAX_STATES"
"009","90","2","3","T2","TOP:44","218","65536","0","65536","0","0","0","0","MULTI_MAX_STATES","MULTI_MAX_STATES"
"009","91","2","3","T2","TOP:45","219","65536","0","65536","0","0","0","0","MULTI_MAX_STATES","MULTI_MAX_STATES"
"009","92","2","3","T2","TOP:60","234","65536","0","65536","0","0","0","0","MULTI_MAX_STATES","MULTI_MAX_STATES"
"009","93","2","3","T2","TOP:79","253","65536","0","65536","0","0","0","0","MULTI_MAX_STATES","MULTI_MAX_STATES"
"009","94","2","3","T2","TOP:423","597","65536","0","65536","0","0","0","0","MULTI_MAX_STATES","MULTI_MAX_STATES"
"009","95","2","4","B3","BOTTOM:16","190","65536","0","65536","0","0","0","0","MULTI_MAX_STATES","MULTI_MAX_STATES"
"009","96","2","4","B3","BOTTOM:17","191","65536","0","65536","0","0","0","0","MULTI_MAX_STATES","MULTI_MAX_STATES"
"009","97","2","4","B3","BOTTOM:25","199","65536","0","65536","0","0","0","0","MULTI_MAX_STATES","MULTI_MAX_STATES"
"009","98","2","4","B3","BOTTOM:57","231","65536","0","65536","0","0","0","0","MULTI_MAX_STATES","MULTI_MAX_STATES"
"009","99","2","4","B3","BOTTOM:75","249","65536","0","65536","0","0","0","0","MULTI_MAX_STATES","MULTI_MAX_STATES"
"009","100","2","4","B3","BOTTOM:96","270","65536","0","65536","0","0","0","0","MULTI_MAX_STATES","MULTI_MAX_STATES"
"009","101","2","4","B3","BOTTOM:97","271","65536","0","65536","0","0","0","0","MULTI_MAX_STATES","MULTI_MAX_STATES"
"009","102","2","4","B3","BOTTOM:98","272","65536","0","65536","0","0","0","0","MULTI_MAX_STATES","MULTI_MAX_STATES"
"009","103","2","4","B3","BOTTOM:117","291","65536","0","65536","0","0","0","0","MULTI_MAX_STATES","MULTI_MAX_STATES"
"009","104","2","4","B3","BOTTOM:128","302","65536","0","65536","0","0","0","0","MULTI_MAX_STATES","MULTI_MAX_STATES"
"009","105","2","4","B3","BOTTOM:137","311","65536","0","65536","0","0","0","0","MULTI_MAX_STATES","MULTI_MAX_STATES"
"009","106","2","4","B3","BOTTOM:157","331","65536","0","65536","0","0","0","0","MULTI_MAX_STATES","MULTI_MAX_STATES"
"009","107","3","0","B1","BOTTOM:57","231","0","2150","2150","1872","80","7","3","null","null"
"009","108","3","0","B1","BOTTOM:75","249","2150","2098","4248","1846","78","3","3","null","null"
"009","109","3","0","B1","BOTTOM:96","270","4248","2046","6294","1820","76","0","0","null","null"
"009","110","3","0","B1","BOTTOM:97","271","6294","1994","8288","1785","74","0","0","null","null"
"009","111","3","0","B1","BOTTOM:98","272","8288","1994","10282","1785","74","0","0","null","null"
"009","112","3","0","B1","BOTTOM:117","291","10282","1942","12224","1751","72","0","0","null","null"
"009","113","3","0","B1","BOTTOM:128","302","12224","1942","14166","1751","72","0","0","null","null"
"009","114","3","0","B1","BOTTOM:137","311","14166","1890","16056","1716","70","0","0","null","null"
"009","115","3","0","B1","BOTTOM:157","331","16056","1890","17946","1717","70","0","0","null","null"
"009","116","3","0","B1","BOTTOM:174","348","17946","1838","19784","1682","68","0","0","null","null"
"009","117","3","0","B1","BOTTOM:191","365","19784","1786","21570","1643","66","0","0","null","null"
"009","118","3","0","B1","BOTTOM:210","384","21570","1578","23148","1488","58","0","0","null","null"
"009","119","3","0","B1","BOTTOM:249","423","23148","1526","24674","1450","56","0","0","null","null"
"009","120","3","0","B1","BOTTOM:262","436","24674","1474","26148","1410","54","0","0","null","null"
"009","121","3","0","B1","BOTTOM:287","461","26148","1202","27350","1158","44","0","0","null","null"
"009","122","3","0","B1","BOTTOM:302","476","27350","1010","28360","973","37","0","0","null","null"
"009","123","3","0","B1","BOTTOM:327","501","28360","734","29094","707","27","0","0","null","null"
"009","124","3","0","B1","BOTTOM:328","502","29094","734","29828","707","27","0","0","null","null"
"009","125","3","0","B1","BOTTOM:358","532","29828","326","30154","314","12","0","0","null","null"
"009","126","3","0","B1","BOTTOM:371","545","30154","270","30424","260","10","0","0","null","null"
"009","127","3","0","B1","BOTTOM:386","560","30424","162","30586","156","6","0","0","null","null"
"009","128","3","0","B1","BOTTOM:404","578","30586","110","30696","106","4","0","0","null","null"
"009","129","3","0","B1","BOTTOM:425","599","30696","58","30754","56","2","0","0","null","null"
"009","130","3","1","T1","TOP:144","318","30754","3214","33968","2874","136","0","0","null","null"
"009","131","3","1","T1","TOP:166","340","33968","3266","37234","2921","142","0","0","null","null"
"009","132","3","1","T1","TOP:186","360","37234","3208","40442","2906","142","0","0","null","null"
"009","133","3","1","T1","TOP:199","373","40442","3262","43704","2945","146","0","0","null","null"
"009","134","3","1","T1","TOP:200","374","43704","3262","46966","2945","146","0","0","null","null"
"009","135","3","1","T1","TOP:207","381","46966","3206","50172","2915","144","0","0","null","null"
"009","136","3","1","T1","TOP:216","390","50172","3206","53378","2915","144","0","0","null","null"
"009","137","3","1","T1","TOP:239","413","53378","3260","56638","2955","148","0","0","null","null"
"009","138","3","1","T1","TOP:257","431","56638","3202","59840","2939","148","0","0","null","null"
"009","139","3","1","T1","TOP:275","449","59840","3256","63096","2982","152","0","0","null","null"
"009","140","3","1","T1","TOP:289","463","63096","2440","65536","2191","146","0","0","null","MULTI_MAX_STATES"
"009","141","3","1","T1","TOP:303","477","65536","0","65536","0","0","0","0","MULTI_MAX_STATES","MULTI_MAX_STATES"
"009","142","3","1","T1","TOP:333","507","65536","0","65536","0","0","0","0","MULTI_MAX_STATES","MULTI_MAX_STATES"
"009","143","3","1","T1","TOP:353","527","65536","0","65536","0","0","0","0","MULTI_MAX_STATES","MULTI_MAX_STATES"
"009","144","3","1","T1","TOP:354","528","65536","0","65536","0","0","0","0","MULTI_MAX_STATES","MULTI_MAX_STATES"
"009","145","3","1","T1","TOP:360","534","65536","0","65536","0","0","0","0","MULTI_MAX_STATES","MULTI_MAX_STATES"
"009","146","3","1","T1","TOP:380","554","65536","0","65536","0","0","0","0","MULTI_MAX_STATES","MULTI_MAX_STATES"
"009","147","3","1","T1","TOP:394","568","65536","0","65536","0","0","0","0","MULTI_MAX_STATES","MULTI_MAX_STATES"
"009","148","3","1","T1","TOP:423","597","65536","0","65536","0","0","0","0","MULTI_MAX_STATES","MULTI_MAX_STATES"
"009","149","3","2","B2","BOTTOM:16","190","65536","0","65536","0","0","0","0","MULTI_MAX_STATES","MULTI_MAX_STATES"
"009","150","3","2","B2","BOTTOM:17","191","65536","0","65536","0","0","0","0","MULTI_MAX_STATES","MULTI_MAX_STATES"
"009","151","3","2","B2","BOTTOM:25","199","65536","0","65536","0","0","0","0","MULTI_MAX_STATES","MULTI_MAX_STATES"
"009","152","3","2","B2","BOTTOM:57","231","65536","0","65536","0","0","0","0","MULTI_MAX_STATES","MULTI_MAX_STATES"
"009","153","3","2","B2","BOTTOM:137","311","65536","0","65536","0","0","0","0","MULTI_MAX_STATES","MULTI_MAX_STATES"
"009","154","3","2","B2","BOTTOM:157","331","65536","0","65536","0","0","0","0","MULTI_MAX_STATES","MULTI_MAX_STATES"
"009","155","3","2","B2","BOTTOM:174","348","65536","0","65536","0","0","0","0","MULTI_MAX_STATES","MULTI_MAX_STATES"
"009","156","3","2","B2","BOTTOM:191","365","65536","0","65536","0","0","0","0","MULTI_MAX_STATES","MULTI_MAX_STATES"
"009","157","3","2","B2","BOTTOM:210","384","65536","0","65536","0","0","0","0","MULTI_MAX_STATES","MULTI_MAX_STATES"
"009","158","3","2","B2","BOTTOM:249","423","65536","0","65536","0","0","0","0","MULTI_MAX_STATES","MULTI_MAX_STATES"
"009","159","3","2","B2","BOTTOM:262","436","65536","0","65536","0","0","0","0","MULTI_MAX_STATES","MULTI_MAX_STATES"
"009","160","3","2","B2","BOTTOM:287","461","65536","0","65536","0","0","0","0","MULTI_MAX_STATES","MULTI_MAX_STATES"
"009","161","3","2","B2","BOTTOM:302","476","65536","0","65536","0","0","0","0","MULTI_MAX_STATES","MULTI_MAX_STATES"
"009","162","3","2","B2","BOTTOM:327","501","65536","0","65536","0","0","0","0","MULTI_MAX_STATES","MULTI_MAX_STATES"
"009","163","3","2","B2","BOTTOM:328","502","65536","0","65536","0","0","0","0","MULTI_MAX_STATES","MULTI_MAX_STATES"
"009","164","3","2","B2","BOTTOM:358","532","65536","0","65536","0","0","0","0","MULTI_MAX_STATES","MULTI_MAX_STATES"
"009","165","3","2","B2","BOTTOM:371","545","65536","0","65536","0","0","0","0","MULTI_MAX_STATES","MULTI_MAX_STATES"
"009","166","3","2","B2","BOTTOM:386","560","65536","0","65536","0","0","0","0","MULTI_MAX_STATES","MULTI_MAX_STATES"
"009","167","3","2","B2","BOTTOM:404","578","65536","0","65536","0","0","0","0","MULTI_MAX_STATES","MULTI_MAX_STATES"
"009","168","3","2","B2","BOTTOM:425","599","65536","0","65536","0","0","0","0","MULTI_MAX_STATES","MULTI_MAX_STATES"
"009","169","3","3","T2","TOP:29","203","65536","0","65536","0","0","0","0","MULTI_MAX_STATES","MULTI_MAX_STATES"
"009","170","3","3","T2","TOP:38","212","65536","0","65536","0","0","0","0","MULTI_MAX_STATES","MULTI_MAX_STATES"
"009","171","3","3","T2","TOP:44","218","65536","0","65536","0","0","0","0","MULTI_MAX_STATES","MULTI_MAX_STATES"
"009","172","3","3","T2","TOP:45","219","65536","0","65536","0","0","0","0","MULTI_MAX_STATES","MULTI_MAX_STATES"
"009","173","3","3","T2","TOP:60","234","65536","0","65536","0","0","0","0","MULTI_MAX_STATES","MULTI_MAX_STATES"
"009","174","3","3","T2","TOP:79","253","65536","0","65536","0","0","0","0","MULTI_MAX_STATES","MULTI_MAX_STATES"
"009","175","3","3","T2","TOP:207","381","65536","0","65536","0","0","0","0","MULTI_MAX_STATES","MULTI_MAX_STATES"
"009","176","3","3","T2","TOP:216","390","65536","0","65536","0","0","0","0","MULTI_MAX_STATES","MULTI_MAX_STATES"
"009","177","3","3","T2","TOP:239","413","65536","0","65536","0","0","0","0","MULTI_MAX_STATES","MULTI_MAX_STATES"
"009","178","3","3","T2","TOP:257","431","65536","0","65536","0","0","0","0","MULTI_MAX_STATES","MULTI_MAX_STATES"
"009","179","3","3","T2","TOP:275","449","65536","0","65536","0","0","0","0","MULTI_MAX_STATES","MULTI_MAX_STATES"
"009","180","3","3","T2","TOP:289","463","65536","0","65536","0","0","0","0","MULTI_MAX_STATES","MULTI_MAX_STATES"
"009","181","3","3","T2","TOP:303","477","65536","0","65536","0","0","0","0","MULTI_MAX_STATES","MULTI_MAX_STATES"
"009","182","3","3","T2","TOP:333","507","65536","0","65536","0","0","0","0","MULTI_MAX_STATES","MULTI_MAX_STATES"
"009","183","3","3","T2","TOP:353","527","65536","0","65536","0","0","0","0","MULTI_MAX_STATES","MULTI_MAX_STATES"
"009","184","3","3","T2","TOP:354","528","65536","0","65536","0","0","0","0","MULTI_MAX_STATES","MULTI_MAX_STATES"
"009","185","3","3","T2","TOP:360","534","65536","0","65536","0","0","0","0","MULTI_MAX_STATES","MULTI_MAX_STATES"
"009","186","3","3","T2","TOP:380","554","65536","0","65536","0","0","0","0","MULTI_MAX_STATES","MULTI_MAX_STATES"
"009","187","3","3","T2","TOP:394","568","65536","0","65536","0","0","0","0","MULTI_MAX_STATES","MULTI_MAX_STATES"
"009","188","3","3","T2","TOP:423","597","65536","0","65536","0","0","0","0","MULTI_MAX_STATES","MULTI_MAX_STATES"
"009","189","3","4","B3","BOTTOM:16","190","65536","0","65536","0","0","0","0","MULTI_MAX_STATES","MULTI_MAX_STATES"
"009","190","3","4","B3","BOTTOM:17","191","65536","0","65536","0","0","0","0","MULTI_MAX_STATES","MULTI_MAX_STATES"
"009","191","3","4","B3","BOTTOM:25","199","65536","0","65536","0","0","0","0","MULTI_MAX_STATES","MULTI_MAX_STATES"
"009","192","3","4","B3","BOTTOM:57","231","65536","0","65536","0","0","0","0","MULTI_MAX_STATES","MULTI_MAX_STATES"
"009","193","3","4","B3","BOTTOM:75","249","65536","0","65536","0","0","0","0","MULTI_MAX_STATES","MULTI_MAX_STATES"
"009","194","3","4","B3","BOTTOM:96","270","65536","0","65536","0","0","0","0","MULTI_MAX_STATES","MULTI_MAX_STATES"
"009","195","3","4","B3","BOTTOM:97","271","65536","0","65536","0","0","0","0","MULTI_MAX_STATES","MULTI_MAX_STATES"
"009","196","3","4","B3","BOTTOM:98","272","65536","0","65536","0","0","0","0","MULTI_MAX_STATES","MULTI_MAX_STATES"
"009","197","3","4","B3","BOTTOM:117","291","65536","0","65536","0","0","0","0","MULTI_MAX_STATES","MULTI_MAX_STATES"
"009","198","3","4","B3","BOTTOM:128","302","65536","0","65536","0","0","0","0","MULTI_MAX_STATES","MULTI_MAX_STATES"
"009","199","3","4","B3","BOTTOM:137","311","65536","0","65536","0","0","0","0","MULTI_MAX_STATES","MULTI_MAX_STATES"
"009","200","3","4","B3","BOTTOM:249","423","65536","0","65536","0","0","0","0","MULTI_MAX_STATES","MULTI_MAX_STATES"
"009","201","3","4","B3","BOTTOM:262","436","65536","0","65536","0","0","0","0","MULTI_MAX_STATES","MULTI_MAX_STATES"
"009","202","3","4","B3","BOTTOM:287","461","65536","0","65536","0","0","0","0","MULTI_MAX_STATES","MULTI_MAX_STATES"
"009","203","3","4","B3","BOTTOM:302","476","65536","0","65536","0","0","0","0","MULTI_MAX_STATES","MULTI_MAX_STATES"
"009","204","3","4","B3","BOTTOM:327","501","65536","0","65536","0","0","0","0","MULTI_MAX_STATES","MULTI_MAX_STATES"
"009","205","3","4","B3","BOTTOM:328","502","65536","0","65536","0","0","0","0","MULTI_MAX_STATES","MULTI_MAX_STATES"
"009","206","3","4","B3","BOTTOM:358","532","65536","0","65536","0","0","0","0","MULTI_MAX_STATES","MULTI_MAX_STATES"
"009","207","3","4","B3","BOTTOM:371","545","65536","0","65536","0","0","0","0","MULTI_MAX_STATES","MULTI_MAX_STATES"
"009","208","3","4","B3","BOTTOM:386","560","65536","0","65536","0","0","0","0","MULTI_MAX_STATES","MULTI_MAX_STATES"
"009","209","3","4","B3","BOTTOM:404","578","65536","0","65536","0","0","0","0","MULTI_MAX_STATES","MULTI_MAX_STATES"
"009","210","3","4","B3","BOTTOM:425","599","65536","0","65536","0","0","0","0","MULTI_MAX_STATES","MULTI_MAX_STATES"
"009","211","3","5","T3","TOP:29","203","65536","0","65536","0","0","0","0","MULTI_MAX_STATES","MULTI_MAX_STATES"
"009","212","3","5","T3","TOP:38","212","65536","0","65536","0","0","0","0","MULTI_MAX_STATES","MULTI_MAX_STATES"
"009","213","3","5","T3","TOP:44","218","65536","0","65536","0","0","0","0","MULTI_MAX_STATES","MULTI_MAX_STATES"
"009","214","3","5","T3","TOP:45","219","65536","0","65536","0","0","0","0","MULTI_MAX_STATES","MULTI_MAX_STATES"
"009","215","3","5","T3","TOP:60","234","65536","0","65536","0","0","0","0","MULTI_MAX_STATES","MULTI_MAX_STATES"
"009","216","3","5","T3","TOP:79","253","65536","0","65536","0","0","0","0","MULTI_MAX_STATES","MULTI_MAX_STATES"
"009","217","3","5","T3","TOP:103","277","65536","0","65536","0","0","0","0","MULTI_MAX_STATES","MULTI_MAX_STATES"
"009","218","3","5","T3","TOP:104","278","65536","0","65536","0","0","0","0","MULTI_MAX_STATES","MULTI_MAX_STATES"
"009","219","3","5","T3","TOP:112","286","65536","0","65536","0","0","0","0","MULTI_MAX_STATES","MULTI_MAX_STATES"
"009","220","3","5","T3","TOP:144","318","65536","0","65536","0","0","0","0","MULTI_MAX_STATES","MULTI_MAX_STATES"
"009","221","3","5","T3","TOP:166","340","65536","0","65536","0","0","0","0","MULTI_MAX_STATES","MULTI_MAX_STATES"
"009","222","3","5","T3","TOP:423","597","65536","0","65536","0","0","0","0","MULTI_MAX_STATES","MULTI_MAX_STATES"
"009","223","3","6","B4","BOTTOM:16","190","65536","0","65536","0","0","0","0","MULTI_MAX_STATES","MULTI_MAX_STATES"
"009","224","3","6","B4","BOTTOM:17","191","65536","0","65536","0","0","0","0","MULTI_MAX_STATES","MULTI_MAX_STATES"
"009","225","3","6","B4","BOTTOM:25","199","65536","0","65536","0","0","0","0","MULTI_MAX_STATES","MULTI_MAX_STATES"
"009","226","3","6","B4","BOTTOM:57","231","65536","0","65536","0","0","0","0","MULTI_MAX_STATES","MULTI_MAX_STATES"
"009","227","3","6","B4","BOTTOM:75","249","65536","0","65536","0","0","0","0","MULTI_MAX_STATES","MULTI_MAX_STATES"
"009","228","3","6","B4","BOTTOM:96","270","65536","0","65536","0","0","0","0","MULTI_MAX_STATES","MULTI_MAX_STATES"
"009","229","3","6","B4","BOTTOM:97","271","65536","0","65536","0","0","0","0","MULTI_MAX_STATES","MULTI_MAX_STATES"
"009","230","3","6","B4","BOTTOM:98","272","65536","0","65536","0","0","0","0","MULTI_MAX_STATES","MULTI_MAX_STATES"
"009","231","3","6","B4","BOTTOM:117","291","65536","0","65536","0","0","0","0","MULTI_MAX_STATES","MULTI_MAX_STATES"
"009","232","3","6","B4","BOTTOM:128","302","65536","0","65536","0","0","0","0","MULTI_MAX_STATES","MULTI_MAX_STATES"
"009","233","3","6","B4","BOTTOM:137","311","65536","0","65536","0","0","0","0","MULTI_MAX_STATES","MULTI_MAX_STATES"
"009","234","3","6","B4","BOTTOM:157","331","65536","0","65536","0","0","0","0","MULTI_MAX_STATES","MULTI_MAX_STATES"
"009","235","3","6","B4","BOTTOM:174","348","65536","0","65536","0","0","0","0","MULTI_MAX_STATES","MULTI_MAX_STATES"
"009","236","3","6","B4","BOTTOM:191","365","65536","0","65536","0","0","0","0","MULTI_MAX_STATES","MULTI_MAX_STATES"
"009","237","3","6","B4","BOTTOM:210","384","65536","0","65536","0","0","0","0","MULTI_MAX_STATES","MULTI_MAX_STATES"
"009","238","4","0","B1","BOTTOM:57","231","0","2150","2150","1872","80","7","3","null","null"
"009","239","4","0","B1","BOTTOM:75","249","2150","2098","4248","1846","78","3","3","null","null"
"009","240","4","0","B1","BOTTOM:96","270","4248","2046","6294","1820","76","0","0","null","null"
"009","241","4","0","B1","BOTTOM:97","271","6294","1994","8288","1785","74","0","0","null","null"
"009","242","4","0","B1","BOTTOM:98","272","8288","1994","10282","1785","74","0","0","null","null"
"009","243","4","0","B1","BOTTOM:117","291","10282","1942","12224","1751","72","0","0","null","null"
"009","244","4","0","B1","BOTTOM:128","302","12224","1942","14166","1751","72","0","0","null","null"
"009","245","4","0","B1","BOTTOM:137","311","14166","1890","16056","1716","70","0","0","null","null"
"009","246","4","0","B1","BOTTOM:157","331","16056","1890","17946","1717","70","0","0","null","null"
"009","247","4","0","B1","BOTTOM:174","348","17946","1838","19784","1682","68","0","0","null","null"
"009","248","4","0","B1","BOTTOM:191","365","19784","1786","21570","1643","66","0","0","null","null"
"009","249","4","0","B1","BOTTOM:210","384","21570","1578","23148","1488","58","0","0","null","null"
"009","250","4","0","B1","BOTTOM:249","423","23148","1526","24674","1450","56","0","0","null","null"
"009","251","4","0","B1","BOTTOM:262","436","24674","1474","26148","1410","54","0","0","null","null"
"009","252","4","0","B1","BOTTOM:287","461","26148","1202","27350","1158","44","0","0","null","null"
"009","253","4","0","B1","BOTTOM:302","476","27350","1010","28360","973","37","0","0","null","null"
"009","254","4","0","B1","BOTTOM:327","501","28360","734","29094","707","27","0","0","null","null"
"009","255","4","0","B1","BOTTOM:328","502","29094","734","29828","707","27","0","0","null","null"
"009","256","4","0","B1","BOTTOM:358","532","29828","326","30154","314","12","0","0","null","null"
"009","257","4","0","B1","BOTTOM:371","545","30154","270","30424","260","10","0","0","null","null"
"009","258","4","0","B1","BOTTOM:386","560","30424","162","30586","156","6","0","0","null","null"
"009","259","4","0","B1","BOTTOM:404","578","30586","110","30696","106","4","0","0","null","null"
"009","260","4","0","B1","BOTTOM:425","599","30696","58","30754","56","2","0","0","null","null"
"009","261","4","1","T1","TOP:144","318","30754","3214","33968","2874","136","0","0","null","null"
"009","262","4","1","T1","TOP:166","340","33968","3266","37234","2921","142","0","0","null","null"
"009","263","4","1","T1","TOP:186","360","37234","3208","40442","2906","142","0","0","null","null"
"009","264","4","1","T1","TOP:199","373","40442","3262","43704","2945","146","0","0","null","null"
"009","265","4","1","T1","TOP:200","374","43704","3262","46966","2945","146","0","0","null","null"
"009","266","4","1","T1","TOP:207","381","46966","3206","50172","2915","144","0","0","null","null"
"009","267","4","1","T1","TOP:216","390","50172","3206","53378","2915","144","0","0","null","null"
"009","268","4","1","T1","TOP:239","413","53378","3260","56638","2955","148","0","0","null","null"
"009","269","4","1","T1","TOP:257","431","56638","3202","59840","2939","148","0","0","null","null"
"009","270","4","1","T1","TOP:275","449","59840","3256","63096","2982","152","0","0","null","null"
"009","271","4","1","T1","TOP:289","463","63096","2440","65536","2191","146","0","0","null","MULTI_MAX_STATES"
"009","272","4","1","T1","TOP:303","477","65536","0","65536","0","0","0","0","MULTI_MAX_STATES","MULTI_MAX_STATES"
"009","273","4","1","T1","TOP:333","507","65536","0","65536","0","0","0","0","MULTI_MAX_STATES","MULTI_MAX_STATES"
"009","274","4","1","T1","TOP:353","527","65536","0","65536","0","0","0","0","MULTI_MAX_STATES","MULTI_MAX_STATES"
"009","275","4","1","T1","TOP:354","528","65536","0","65536","0","0","0","0","MULTI_MAX_STATES","MULTI_MAX_STATES"
"009","276","4","1","T1","TOP:360","534","65536","0","65536","0","0","0","0","MULTI_MAX_STATES","MULTI_MAX_STATES"
"009","277","4","1","T1","TOP:380","554","65536","0","65536","0","0","0","0","MULTI_MAX_STATES","MULTI_MAX_STATES"
"009","278","4","1","T1","TOP:394","568","65536","0","65536","0","0","0","0","MULTI_MAX_STATES","MULTI_MAX_STATES"
"009","279","4","1","T1","TOP:423","597","65536","0","65536","0","0","0","0","MULTI_MAX_STATES","MULTI_MAX_STATES"
"009","280","4","2","B2","BOTTOM:16","190","65536","0","65536","0","0","0","0","MULTI_MAX_STATES","MULTI_MAX_STATES"
"009","281","4","2","B2","BOTTOM:17","191","65536","0","65536","0","0","0","0","MULTI_MAX_STATES","MULTI_MAX_STATES"
"009","282","4","2","B2","BOTTOM:25","199","65536","0","65536","0","0","0","0","MULTI_MAX_STATES","MULTI_MAX_STATES"
"009","283","4","2","B2","BOTTOM:57","231","65536","0","65536","0","0","0","0","MULTI_MAX_STATES","MULTI_MAX_STATES"
"009","284","4","2","B2","BOTTOM:137","311","65536","0","65536","0","0","0","0","MULTI_MAX_STATES","MULTI_MAX_STATES"
"009","285","4","2","B2","BOTTOM:157","331","65536","0","65536","0","0","0","0","MULTI_MAX_STATES","MULTI_MAX_STATES"
"009","286","4","2","B2","BOTTOM:174","348","65536","0","65536","0","0","0","0","MULTI_MAX_STATES","MULTI_MAX_STATES"
"009","287","4","2","B2","BOTTOM:191","365","65536","0","65536","0","0","0","0","MULTI_MAX_STATES","MULTI_MAX_STATES"
"009","288","4","2","B2","BOTTOM:210","384","65536","0","65536","0","0","0","0","MULTI_MAX_STATES","MULTI_MAX_STATES"
"009","289","4","2","B2","BOTTOM:249","423","65536","0","65536","0","0","0","0","MULTI_MAX_STATES","MULTI_MAX_STATES"
"009","290","4","2","B2","BOTTOM:262","436","65536","0","65536","0","0","0","0","MULTI_MAX_STATES","MULTI_MAX_STATES"
"009","291","4","2","B2","BOTTOM:287","461","65536","0","65536","0","0","0","0","MULTI_MAX_STATES","MULTI_MAX_STATES"
"009","292","4","2","B2","BOTTOM:302","476","65536","0","65536","0","0","0","0","MULTI_MAX_STATES","MULTI_MAX_STATES"
"009","293","4","2","B2","BOTTOM:327","501","65536","0","65536","0","0","0","0","MULTI_MAX_STATES","MULTI_MAX_STATES"
"009","294","4","2","B2","BOTTOM:328","502","65536","0","65536","0","0","0","0","MULTI_MAX_STATES","MULTI_MAX_STATES"
"009","295","4","2","B2","BOTTOM:358","532","65536","0","65536","0","0","0","0","MULTI_MAX_STATES","MULTI_MAX_STATES"
"009","296","4","2","B2","BOTTOM:371","545","65536","0","65536","0","0","0","0","MULTI_MAX_STATES","MULTI_MAX_STATES"
"009","297","4","2","B2","BOTTOM:386","560","65536","0","65536","0","0","0","0","MULTI_MAX_STATES","MULTI_MAX_STATES"
"009","298","4","2","B2","BOTTOM:404","578","65536","0","65536","0","0","0","0","MULTI_MAX_STATES","MULTI_MAX_STATES"
"009","299","4","2","B2","BOTTOM:425","599","65536","0","65536","0","0","0","0","MULTI_MAX_STATES","MULTI_MAX_STATES"
"009","300","4","3","T2","TOP:29","203","65536","0","65536","0","0","0","0","MULTI_MAX_STATES","MULTI_MAX_STATES"
"009","301","4","3","T2","TOP:38","212","65536","0","65536","0","0","0","0","MULTI_MAX_STATES","MULTI_MAX_STATES"
"009","302","4","3","T2","TOP:44","218","65536","0","65536","0","0","0","0","MULTI_MAX_STATES","MULTI_MAX_STATES"
"009","303","4","3","T2","TOP:45","219","65536","0","65536","0","0","0","0","MULTI_MAX_STATES","MULTI_MAX_STATES"
"009","304","4","3","T2","TOP:60","234","65536","0","65536","0","0","0","0","MULTI_MAX_STATES","MULTI_MAX_STATES"
"009","305","4","3","T2","TOP:79","253","65536","0","65536","0","0","0","0","MULTI_MAX_STATES","MULTI_MAX_STATES"
"009","306","4","3","T2","TOP:207","381","65536","0","65536","0","0","0","0","MULTI_MAX_STATES","MULTI_MAX_STATES"
"009","307","4","3","T2","TOP:216","390","65536","0","65536","0","0","0","0","MULTI_MAX_STATES","MULTI_MAX_STATES"
"009","308","4","3","T2","TOP:239","413","65536","0","65536","0","0","0","0","MULTI_MAX_STATES","MULTI_MAX_STATES"
"009","309","4","3","T2","TOP:257","431","65536","0","65536","0","0","0","0","MULTI_MAX_STATES","MULTI_MAX_STATES"
"009","310","4","3","T2","TOP:275","449","65536","0","65536","0","0","0","0","MULTI_MAX_STATES","MULTI_MAX_STATES"
"009","311","4","3","T2","TOP:289","463","65536","0","65536","0","0","0","0","MULTI_MAX_STATES","MULTI_MAX_STATES"
"009","312","4","3","T2","TOP:303","477","65536","0","65536","0","0","0","0","MULTI_MAX_STATES","MULTI_MAX_STATES"
"009","313","4","3","T2","TOP:333","507","65536","0","65536","0","0","0","0","MULTI_MAX_STATES","MULTI_MAX_STATES"
"009","314","4","3","T2","TOP:353","527","65536","0","65536","0","0","0","0","MULTI_MAX_STATES","MULTI_MAX_STATES"
"009","315","4","3","T2","TOP:354","528","65536","0","65536","0","0","0","0","MULTI_MAX_STATES","MULTI_MAX_STATES"
"009","316","4","3","T2","TOP:360","534","65536","0","65536","0","0","0","0","MULTI_MAX_STATES","MULTI_MAX_STATES"
"009","317","4","3","T2","TOP:380","554","65536","0","65536","0","0","0","0","MULTI_MAX_STATES","MULTI_MAX_STATES"
"009","318","4","3","T2","TOP:394","568","65536","0","65536","0","0","0","0","MULTI_MAX_STATES","MULTI_MAX_STATES"
"009","319","4","3","T2","TOP:423","597","65536","0","65536","0","0","0","0","MULTI_MAX_STATES","MULTI_MAX_STATES"
"009","320","4","4","B3","BOTTOM:16","190","65536","0","65536","0","0","0","0","MULTI_MAX_STATES","MULTI_MAX_STATES"
"009","321","4","4","B3","BOTTOM:17","191","65536","0","65536","0","0","0","0","MULTI_MAX_STATES","MULTI_MAX_STATES"
"009","322","4","4","B3","BOTTOM:25","199","65536","0","65536","0","0","0","0","MULTI_MAX_STATES","MULTI_MAX_STATES"
"009","323","4","4","B3","BOTTOM:57","231","65536","0","65536","0","0","0","0","MULTI_MAX_STATES","MULTI_MAX_STATES"
"009","324","4","4","B3","BOTTOM:75","249","65536","0","65536","0","0","0","0","MULTI_MAX_STATES","MULTI_MAX_STATES"
"009","325","4","4","B3","BOTTOM:96","270","65536","0","65536","0","0","0","0","MULTI_MAX_STATES","MULTI_MAX_STATES"
"009","326","4","4","B3","BOTTOM:97","271","65536","0","65536","0","0","0","0","MULTI_MAX_STATES","MULTI_MAX_STATES"
"009","327","4","4","B3","BOTTOM:98","272","65536","0","65536","0","0","0","0","MULTI_MAX_STATES","MULTI_MAX_STATES"
"009","328","4","4","B3","BOTTOM:117","291","65536","0","65536","0","0","0","0","MULTI_MAX_STATES","MULTI_MAX_STATES"
"009","329","4","4","B3","BOTTOM:128","302","65536","0","65536","0","0","0","0","MULTI_MAX_STATES","MULTI_MAX_STATES"
"009","330","4","4","B3","BOTTOM:137","311","65536","0","65536","0","0","0","0","MULTI_MAX_STATES","MULTI_MAX_STATES"
"009","331","4","4","B3","BOTTOM:249","423","65536","0","65536","0","0","0","0","MULTI_MAX_STATES","MULTI_MAX_STATES"
"009","332","4","4","B3","BOTTOM:262","436","65536","0","65536","0","0","0","0","MULTI_MAX_STATES","MULTI_MAX_STATES"
"009","333","4","4","B3","BOTTOM:287","461","65536","0","65536","0","0","0","0","MULTI_MAX_STATES","MULTI_MAX_STATES"
"009","334","4","4","B3","BOTTOM:302","476","65536","0","65536","0","0","0","0","MULTI_MAX_STATES","MULTI_MAX_STATES"
"009","335","4","4","B3","BOTTOM:327","501","65536","0","65536","0","0","0","0","MULTI_MAX_STATES","MULTI_MAX_STATES"
"009","336","4","4","B3","BOTTOM:328","502","65536","0","65536","0","0","0","0","MULTI_MAX_STATES","MULTI_MAX_STATES"
"009","337","4","4","B3","BOTTOM:358","532","65536","0","65536","0","0","0","0","MULTI_MAX_STATES","MULTI_MAX_STATES"
"009","338","4","4","B3","BOTTOM:371","545","65536","0","65536","0","0","0","0","MULTI_MAX_STATES","MULTI_MAX_STATES"
"009","339","4","4","B3","BOTTOM:386","560","65536","0","65536","0","0","0","0","MULTI_MAX_STATES","MULTI_MAX_STATES"
"009","340","4","4","B3","BOTTOM:404","578","65536","0","65536","0","0","0","0","MULTI_MAX_STATES","MULTI_MAX_STATES"
"009","341","4","4","B3","BOTTOM:425","599","65536","0","65536","0","0","0","0","MULTI_MAX_STATES","MULTI_MAX_STATES"
"009","342","4","5","T3","TOP:29","203","65536","0","65536","0","0","0","0","MULTI_MAX_STATES","MULTI_MAX_STATES"
"009","343","4","5","T3","TOP:38","212","65536","0","65536","0","0","0","0","MULTI_MAX_STATES","MULTI_MAX_STATES"
"009","344","4","5","T3","TOP:44","218","65536","0","65536","0","0","0","0","MULTI_MAX_STATES","MULTI_MAX_STATES"
"009","345","4","5","T3","TOP:45","219","65536","0","65536","0","0","0","0","MULTI_MAX_STATES","MULTI_MAX_STATES"
"009","346","4","5","T3","TOP:60","234","65536","0","65536","0","0","0","0","MULTI_MAX_STATES","MULTI_MAX_STATES"
"009","347","4","5","T3","TOP:79","253","65536","0","65536","0","0","0","0","MULTI_MAX_STATES","MULTI_MAX_STATES"
"009","348","4","5","T3","TOP:103","277","65536","0","65536","0","0","0","0","MULTI_MAX_STATES","MULTI_MAX_STATES"
"009","349","4","5","T3","TOP:104","278","65536","0","65536","0","0","0","0","MULTI_MAX_STATES","MULTI_MAX_STATES"
"009","350","4","5","T3","TOP:112","286","65536","0","65536","0","0","0","0","MULTI_MAX_STATES","MULTI_MAX_STATES"
"009","351","4","5","T3","TOP:144","318","65536","0","65536","0","0","0","0","MULTI_MAX_STATES","MULTI_MAX_STATES"
"009","352","4","5","T3","TOP:166","340","65536","0","65536","0","0","0","0","MULTI_MAX_STATES","MULTI_MAX_STATES"
"009","353","4","5","T3","TOP:303","477","65536","0","65536","0","0","0","0","MULTI_MAX_STATES","MULTI_MAX_STATES"
"009","354","4","5","T3","TOP:333","507","65536","0","65536","0","0","0","0","MULTI_MAX_STATES","MULTI_MAX_STATES"
"009","355","4","5","T3","TOP:353","527","65536","0","65536","0","0","0","0","MULTI_MAX_STATES","MULTI_MAX_STATES"
"009","356","4","5","T3","TOP:354","528","65536","0","65536","0","0","0","0","MULTI_MAX_STATES","MULTI_MAX_STATES"
"009","357","4","5","T3","TOP:360","534","65536","0","65536","0","0","0","0","MULTI_MAX_STATES","MULTI_MAX_STATES"
"009","358","4","5","T3","TOP:380","554","65536","0","65536","0","0","0","0","MULTI_MAX_STATES","MULTI_MAX_STATES"
"009","359","4","5","T3","TOP:394","568","65536","0","65536","0","0","0","0","MULTI_MAX_STATES","MULTI_MAX_STATES"
"009","360","4","5","T3","TOP:423","597","65536","0","65536","0","0","0","0","MULTI_MAX_STATES","MULTI_MAX_STATES"
"009","361","4","6","B4","BOTTOM:16","190","65536","0","65536","0","0","0","0","MULTI_MAX_STATES","MULTI_MAX_STATES"
"009","362","4","6","B4","BOTTOM:17","191","65536","0","65536","0","0","0","0","MULTI_MAX_STATES","MULTI_MAX_STATES"
"009","363","4","6","B4","BOTTOM:25","199","65536","0","65536","0","0","0","0","MULTI_MAX_STATES","MULTI_MAX_STATES"
"009","364","4","6","B4","BOTTOM:57","231","65536","0","65536","0","0","0","0","MULTI_MAX_STATES","MULTI_MAX_STATES"
"009","365","4","6","B4","BOTTOM:75","249","65536","0","65536","0","0","0","0","MULTI_MAX_STATES","MULTI_MAX_STATES"
"009","366","4","6","B4","BOTTOM:96","270","65536","0","65536","0","0","0","0","MULTI_MAX_STATES","MULTI_MAX_STATES"
"009","367","4","6","B4","BOTTOM:97","271","65536","0","65536","0","0","0","0","MULTI_MAX_STATES","MULTI_MAX_STATES"
"009","368","4","6","B4","BOTTOM:98","272","65536","0","65536","0","0","0","0","MULTI_MAX_STATES","MULTI_MAX_STATES"
"009","369","4","6","B4","BOTTOM:117","291","65536","0","65536","0","0","0","0","MULTI_MAX_STATES","MULTI_MAX_STATES"
"009","370","4","6","B4","BOTTOM:128","302","65536","0","65536","0","0","0","0","MULTI_MAX_STATES","MULTI_MAX_STATES"
"009","371","4","6","B4","BOTTOM:137","311","65536","0","65536","0","0","0","0","MULTI_MAX_STATES","MULTI_MAX_STATES"
"009","372","4","6","B4","BOTTOM:157","331","65536","0","65536","0","0","0","0","MULTI_MAX_STATES","MULTI_MAX_STATES"
"009","373","4","6","B4","BOTTOM:174","348","65536","0","65536","0","0","0","0","MULTI_MAX_STATES","MULTI_MAX_STATES"
"009","374","4","6","B4","BOTTOM:191","365","65536","0","65536","0","0","0","0","MULTI_MAX_STATES","MULTI_MAX_STATES"
"009","375","4","6","B4","BOTTOM:210","384","65536","0","65536","0","0","0","0","MULTI_MAX_STATES","MULTI_MAX_STATES"
"009","376","4","6","B4","BOTTOM:327","501","65536","0","65536","0","0","0","0","MULTI_MAX_STATES","MULTI_MAX_STATES"
"009","377","4","6","B4","BOTTOM:328","502","65536","0","65536","0","0","0","0","MULTI_MAX_STATES","MULTI_MAX_STATES"
"009","378","4","6","B4","BOTTOM:358","532","65536","0","65536","0","0","0","0","MULTI_MAX_STATES","MULTI_MAX_STATES"
"009","379","4","6","B4","BOTTOM:371","545","65536","0","65536","0","0","0","0","MULTI_MAX_STATES","MULTI_MAX_STATES"
"009","380","4","6","B4","BOTTOM:386","560","65536","0","65536","0","0","0","0","MULTI_MAX_STATES","MULTI_MAX_STATES"
"009","381","4","6","B4","BOTTOM:404","578","65536","0","65536","0","0","0","0","MULTI_MAX_STATES","MULTI_MAX_STATES"
"009","382","4","6","B4","BOTTOM:425","599","65536","0","65536","0","0","0","0","MULTI_MAX_STATES","MULTI_MAX_STATES"
"009","383","4","7","T4","TOP:29","203","65536","0","65536","0","0","0","0","MULTI_MAX_STATES","MULTI_MAX_STATES"
"009","384","4","7","T4","TOP:38","212","65536","0","65536","0","0","0","0","MULTI_MAX_STATES","MULTI_MAX_STATES"
"009","385","4","7","T4","TOP:44","218","65536","0","65536","0","0","0","0","MULTI_MAX_STATES","MULTI_MAX_STATES"
"009","386","4","7","T4","TOP:45","219","65536","0","65536","0","0","0","0","MULTI_MAX_STATES","MULTI_MAX_STATES"
"009","387","4","7","T4","TOP:60","234","65536","0","65536","0","0","0","0","MULTI_MAX_STATES","MULTI_MAX_STATES"
"009","388","4","7","T4","TOP:79","253","65536","0","65536","0","0","0","0","MULTI_MAX_STATES","MULTI_MAX_STATES"
"009","389","4","7","T4","TOP:103","277","65536","0","65536","0","0","0","0","MULTI_MAX_STATES","MULTI_MAX_STATES"
"009","390","4","7","T4","TOP:104","278","65536","0","65536","0","0","0","0","MULTI_MAX_STATES","MULTI_MAX_STATES"
"009","391","4","7","T4","TOP:112","286","65536","0","65536","0","0","0","0","MULTI_MAX_STATES","MULTI_MAX_STATES"
"009","392","4","7","T4","TOP:144","318","65536","0","65536","0","0","0","0","MULTI_MAX_STATES","MULTI_MAX_STATES"
"009","393","4","7","T4","TOP:166","340","65536","0","65536","0","0","0","0","MULTI_MAX_STATES","MULTI_MAX_STATES"
"009","394","4","7","T4","TOP:186","360","65536","0","65536","0","0","0","0","MULTI_MAX_STATES","MULTI_MAX_STATES"
"009","395","4","7","T4","TOP:199","373","65536","0","65536","0","0","0","0","MULTI_MAX_STATES","MULTI_MAX_STATES"
"009","396","4","7","T4","TOP:200","374","65536","0","65536","0","0","0","0","MULTI_MAX_STATES","MULTI_MAX_STATES"
"009","397","4","7","T4","TOP:207","381","65536","0","65536","0","0","0","0","MULTI_MAX_STATES","MULTI_MAX_STATES"
"009","398","4","7","T4","TOP:216","390","65536","0","65536","0","0","0","0","MULTI_MAX_STATES","MULTI_MAX_STATES"
"009","399","4","7","T4","TOP:239","413","65536","0","65536","0","0","0","0","MULTI_MAX_STATES","MULTI_MAX_STATES"
"009","400","4","7","T4","TOP:257","431","65536","0","65536","0","0","0","0","MULTI_MAX_STATES","MULTI_MAX_STATES"
"009","401","4","7","T4","TOP:275","449","65536","0","65536","0","0","0","0","MULTI_MAX_STATES","MULTI_MAX_STATES"
"009","402","4","7","T4","TOP:289","463","65536","0","65536","0","0","0","0","MULTI_MAX_STATES","MULTI_MAX_STATES"
"009","403","4","7","T4","TOP:423","597","65536","0","65536","0","0","0","0","MULTI_MAX_STATES","MULTI_MAX_STATES"
"009","404","4","8","B5","BOTTOM:16","190","65536","0","65536","0","0","0","0","MULTI_MAX_STATES","MULTI_MAX_STATES"
"009","405","4","8","B5","BOTTOM:17","191","65536","0","65536","0","0","0","0","MULTI_MAX_STATES","MULTI_MAX_STATES"
"009","406","4","8","B5","BOTTOM:25","199","65536","0","65536","0","0","0","0","MULTI_MAX_STATES","MULTI_MAX_STATES"
"009","407","4","8","B5","BOTTOM:57","231","65536","0","65536","0","0","0","0","MULTI_MAX_STATES","MULTI_MAX_STATES"
"009","408","4","8","B5","BOTTOM:75","249","65536","0","65536","0","0","0","0","MULTI_MAX_STATES","MULTI_MAX_STATES"
"009","409","4","8","B5","BOTTOM:96","270","65536","0","65536","0","0","0","0","MULTI_MAX_STATES","MULTI_MAX_STATES"
"009","410","4","8","B5","BOTTOM:97","271","65536","0","65536","0","0","0","0","MULTI_MAX_STATES","MULTI_MAX_STATES"
"009","411","4","8","B5","BOTTOM:98","272","65536","0","65536","0","0","0","0","MULTI_MAX_STATES","MULTI_MAX_STATES"
"009","412","4","8","B5","BOTTOM:117","291","65536","0","65536","0","0","0","0","MULTI_MAX_STATES","MULTI_MAX_STATES"
"009","413","4","8","B5","BOTTOM:128","302","65536","0","65536","0","0","0","0","MULTI_MAX_STATES","MULTI_MAX_STATES"
"009","414","4","8","B5","BOTTOM:137","311","65536","0","65536","0","0","0","0","MULTI_MAX_STATES","MULTI_MAX_STATES"
"009","415","4","8","B5","BOTTOM:157","331","65536","0","65536","0","0","0","0","MULTI_MAX_STATES","MULTI_MAX_STATES"
"009","416","4","8","B5","BOTTOM:174","348","65536","0","65536","0","0","0","0","MULTI_MAX_STATES","MULTI_MAX_STATES"
"009","417","4","8","B5","BOTTOM:191","365","65536","0","65536","0","0","0","0","MULTI_MAX_STATES","MULTI_MAX_STATES"
"009","418","4","8","B5","BOTTOM:210","384","65536","0","65536","0","0","0","0","MULTI_MAX_STATES","MULTI_MAX_STATES"
"009","419","4","8","B5","BOTTOM:249","423","65536","0","65536","0","0","0","0","MULTI_MAX_STATES","MULTI_MAX_STATES"
"009","420","4","8","B5","BOTTOM:262","436","65536","0","65536","0","0","0","0","MULTI_MAX_STATES","MULTI_MAX_STATES"
"009","421","4","8","B5","BOTTOM:287","461","65536","0","65536","0","0","0","0","MULTI_MAX_STATES","MULTI_MAX_STATES"
"009","422","4","8","B5","BOTTOM:302","476","65536","0","65536","0","0","0","0","MULTI_MAX_STATES","MULTI_MAX_STATES"
"009","423","4","8","B5","BOTTOM:327","501","65536","0","65536","0","0","0","0","MULTI_MAX_STATES","MULTI_MAX_STATES"
"009","424","4","8","B5","BOTTOM:328","502","65536","0","65536","0","0","0","0","MULTI_MAX_STATES","MULTI_MAX_STATES"
"009","425","5","0","B1","BOTTOM:57","231","0","2150","2150","1872","80","7","3","null","null"
"009","426","5","0","B1","BOTTOM:75","249","2150","2098","4248","1846","78","3","3","null","null"
"009","427","5","0","B1","BOTTOM:96","270","4248","2046","6294","1820","76","0","0","null","null"
"009","428","5","0","B1","BOTTOM:97","271","6294","1994","8288","1785","74","0","0","null","null"
"009","429","5","0","B1","BOTTOM:98","272","8288","1994","10282","1785","74","0","0","null","null"
"009","430","5","0","B1","BOTTOM:117","291","10282","1942","12224","1751","72","0","0","null","null"
"009","431","5","0","B1","BOTTOM:128","302","12224","1942","14166","1751","72","0","0","null","null"
"009","432","5","0","B1","BOTTOM:137","311","14166","1890","16056","1716","70","0","0","null","null"
"009","433","5","0","B1","BOTTOM:157","331","16056","1890","17946","1717","70","0","0","null","null"
"009","434","5","0","B1","BOTTOM:174","348","17946","1838","19784","1682","68","0","0","null","null"
"009","435","5","0","B1","BOTTOM:191","365","19784","1786","21570","1643","66","0","0","null","null"
"009","436","5","0","B1","BOTTOM:210","384","21570","1578","23148","1488","58","0","0","null","null"
"009","437","5","0","B1","BOTTOM:249","423","23148","1526","24674","1450","56","0","0","null","null"
"009","438","5","0","B1","BOTTOM:262","436","24674","1474","26148","1410","54","0","0","null","null"
"009","439","5","0","B1","BOTTOM:287","461","26148","1202","27350","1158","44","0","0","null","null"
"009","440","5","0","B1","BOTTOM:302","476","27350","1010","28360","973","37","0","0","null","null"
"009","441","5","0","B1","BOTTOM:327","501","28360","734","29094","707","27","0","0","null","null"
"009","442","5","0","B1","BOTTOM:328","502","29094","734","29828","707","27","0","0","null","null"
"009","443","5","0","B1","BOTTOM:358","532","29828","326","30154","314","12","0","0","null","null"
"009","444","5","0","B1","BOTTOM:371","545","30154","270","30424","260","10","0","0","null","null"
"009","445","5","0","B1","BOTTOM:386","560","30424","162","30586","156","6","0","0","null","null"
"009","446","5","0","B1","BOTTOM:404","578","30586","110","30696","106","4","0","0","null","null"
"009","447","5","0","B1","BOTTOM:425","599","30696","58","30754","56","2","0","0","null","null"
"009","448","5","1","T1","TOP:144","318","30754","3214","33968","2874","136","0","0","null","null"
"009","449","5","1","T1","TOP:166","340","33968","3266","37234","2921","142","0","0","null","null"
"009","450","5","1","T1","TOP:186","360","37234","3208","40442","2906","142","0","0","null","null"
"009","451","5","1","T1","TOP:199","373","40442","3262","43704","2945","146","0","0","null","null"
"009","452","5","1","T1","TOP:200","374","43704","3262","46966","2945","146","0","0","null","null"
"009","453","5","1","T1","TOP:207","381","46966","3206","50172","2915","144","0","0","null","null"
"009","454","5","1","T1","TOP:216","390","50172","3206","53378","2915","144","0","0","null","null"
"009","455","5","1","T1","TOP:239","413","53378","3260","56638","2955","148","0","0","null","null"
"009","456","5","1","T1","TOP:257","431","56638","3202","59840","2939","148","0","0","null","null"
"009","457","5","1","T1","TOP:275","449","59840","3256","63096","2982","152","0","0","null","null"
"009","458","5","1","T1","TOP:289","463","63096","2440","65536","2191","146","0","0","null","MULTI_MAX_STATES"
"009","459","5","1","T1","TOP:303","477","65536","0","65536","0","0","0","0","MULTI_MAX_STATES","MULTI_MAX_STATES"
"009","460","5","1","T1","TOP:333","507","65536","0","65536","0","0","0","0","MULTI_MAX_STATES","MULTI_MAX_STATES"
"009","461","5","1","T1","TOP:353","527","65536","0","65536","0","0","0","0","MULTI_MAX_STATES","MULTI_MAX_STATES"
"009","462","5","1","T1","TOP:354","528","65536","0","65536","0","0","0","0","MULTI_MAX_STATES","MULTI_MAX_STATES"
"009","463","5","1","T1","TOP:360","534","65536","0","65536","0","0","0","0","MULTI_MAX_STATES","MULTI_MAX_STATES"
"009","464","5","1","T1","TOP:380","554","65536","0","65536","0","0","0","0","MULTI_MAX_STATES","MULTI_MAX_STATES"
"009","465","5","1","T1","TOP:394","568","65536","0","65536","0","0","0","0","MULTI_MAX_STATES","MULTI_MAX_STATES"
"009","466","5","1","T1","TOP:423","597","65536","0","65536","0","0","0","0","MULTI_MAX_STATES","MULTI_MAX_STATES"
"009","467","5","2","B2","BOTTOM:16","190","65536","0","65536","0","0","0","0","MULTI_MAX_STATES","MULTI_MAX_STATES"
"009","468","5","2","B2","BOTTOM:17","191","65536","0","65536","0","0","0","0","MULTI_MAX_STATES","MULTI_MAX_STATES"
"009","469","5","2","B2","BOTTOM:25","199","65536","0","65536","0","0","0","0","MULTI_MAX_STATES","MULTI_MAX_STATES"
"009","470","5","2","B2","BOTTOM:57","231","65536","0","65536","0","0","0","0","MULTI_MAX_STATES","MULTI_MAX_STATES"
"009","471","5","2","B2","BOTTOM:137","311","65536","0","65536","0","0","0","0","MULTI_MAX_STATES","MULTI_MAX_STATES"
"009","472","5","2","B2","BOTTOM:157","331","65536","0","65536","0","0","0","0","MULTI_MAX_STATES","MULTI_MAX_STATES"
"009","473","5","2","B2","BOTTOM:174","348","65536","0","65536","0","0","0","0","MULTI_MAX_STATES","MULTI_MAX_STATES"
"009","474","5","2","B2","BOTTOM:191","365","65536","0","65536","0","0","0","0","MULTI_MAX_STATES","MULTI_MAX_STATES"
"009","475","5","2","B2","BOTTOM:210","384","65536","0","65536","0","0","0","0","MULTI_MAX_STATES","MULTI_MAX_STATES"
"009","476","5","2","B2","BOTTOM:249","423","65536","0","65536","0","0","0","0","MULTI_MAX_STATES","MULTI_MAX_STATES"
"009","477","5","2","B2","BOTTOM:262","436","65536","0","65536","0","0","0","0","MULTI_MAX_STATES","MULTI_MAX_STATES"
"009","478","5","2","B2","BOTTOM:287","461","65536","0","65536","0","0","0","0","MULTI_MAX_STATES","MULTI_MAX_STATES"
"009","479","5","2","B2","BOTTOM:302","476","65536","0","65536","0","0","0","0","MULTI_MAX_STATES","MULTI_MAX_STATES"
"009","480","5","2","B2","BOTTOM:327","501","65536","0","65536","0","0","0","0","MULTI_MAX_STATES","MULTI_MAX_STATES"
"009","481","5","2","B2","BOTTOM:328","502","65536","0","65536","0","0","0","0","MULTI_MAX_STATES","MULTI_MAX_STATES"
"009","482","5","2","B2","BOTTOM:358","532","65536","0","65536","0","0","0","0","MULTI_MAX_STATES","MULTI_MAX_STATES"
"009","483","5","2","B2","BOTTOM:371","545","65536","0","65536","0","0","0","0","MULTI_MAX_STATES","MULTI_MAX_STATES"
"009","484","5","2","B2","BOTTOM:386","560","65536","0","65536","0","0","0","0","MULTI_MAX_STATES","MULTI_MAX_STATES"
"009","485","5","2","B2","BOTTOM:404","578","65536","0","65536","0","0","0","0","MULTI_MAX_STATES","MULTI_MAX_STATES"
"009","486","5","2","B2","BOTTOM:425","599","65536","0","65536","0","0","0","0","MULTI_MAX_STATES","MULTI_MAX_STATES"
"009","487","5","3","T2","TOP:29","203","65536","0","65536","0","0","0","0","MULTI_MAX_STATES","MULTI_MAX_STATES"
"009","488","5","3","T2","TOP:38","212","65536","0","65536","0","0","0","0","MULTI_MAX_STATES","MULTI_MAX_STATES"
"009","489","5","3","T2","TOP:44","218","65536","0","65536","0","0","0","0","MULTI_MAX_STATES","MULTI_MAX_STATES"
"009","490","5","3","T2","TOP:45","219","65536","0","65536","0","0","0","0","MULTI_MAX_STATES","MULTI_MAX_STATES"
"009","491","5","3","T2","TOP:60","234","65536","0","65536","0","0","0","0","MULTI_MAX_STATES","MULTI_MAX_STATES"
"009","492","5","3","T2","TOP:79","253","65536","0","65536","0","0","0","0","MULTI_MAX_STATES","MULTI_MAX_STATES"
"009","493","5","3","T2","TOP:207","381","65536","0","65536","0","0","0","0","MULTI_MAX_STATES","MULTI_MAX_STATES"
"009","494","5","3","T2","TOP:216","390","65536","0","65536","0","0","0","0","MULTI_MAX_STATES","MULTI_MAX_STATES"
"009","495","5","3","T2","TOP:239","413","65536","0","65536","0","0","0","0","MULTI_MAX_STATES","MULTI_MAX_STATES"
"009","496","5","3","T2","TOP:257","431","65536","0","65536","0","0","0","0","MULTI_MAX_STATES","MULTI_MAX_STATES"
"009","497","5","3","T2","TOP:275","449","65536","0","65536","0","0","0","0","MULTI_MAX_STATES","MULTI_MAX_STATES"
"009","498","5","3","T2","TOP:289","463","65536","0","65536","0","0","0","0","MULTI_MAX_STATES","MULTI_MAX_STATES"
"009","499","5","3","T2","TOP:303","477","65536","0","65536","0","0","0","0","MULTI_MAX_STATES","MULTI_MAX_STATES"
"009","500","5","3","T2","TOP:333","507","65536","0","65536","0","0","0","0","MULTI_MAX_STATES","MULTI_MAX_STATES"
"009","501","5","3","T2","TOP:353","527","65536","0","65536","0","0","0","0","MULTI_MAX_STATES","MULTI_MAX_STATES"
"009","502","5","3","T2","TOP:354","528","65536","0","65536","0","0","0","0","MULTI_MAX_STATES","MULTI_MAX_STATES"
"009","503","5","3","T2","TOP:360","534","65536","0","65536","0","0","0","0","MULTI_MAX_STATES","MULTI_MAX_STATES"
"009","504","5","3","T2","TOP:380","554","65536","0","65536","0","0","0","0","MULTI_MAX_STATES","MULTI_MAX_STATES"
"009","505","5","3","T2","TOP:394","568","65536","0","65536","0","0","0","0","MULTI_MAX_STATES","MULTI_MAX_STATES"
"009","506","5","3","T2","TOP:423","597","65536","0","65536","0","0","0","0","MULTI_MAX_STATES","MULTI_MAX_STATES"
"009","507","5","4","B3","BOTTOM:16","190","65536","0","65536","0","0","0","0","MULTI_MAX_STATES","MULTI_MAX_STATES"
"009","508","5","4","B3","BOTTOM:17","191","65536","0","65536","0","0","0","0","MULTI_MAX_STATES","MULTI_MAX_STATES"
"009","509","5","4","B3","BOTTOM:25","199","65536","0","65536","0","0","0","0","MULTI_MAX_STATES","MULTI_MAX_STATES"
"009","510","5","4","B3","BOTTOM:57","231","65536","0","65536","0","0","0","0","MULTI_MAX_STATES","MULTI_MAX_STATES"
"009","511","5","4","B3","BOTTOM:75","249","65536","0","65536","0","0","0","0","MULTI_MAX_STATES","MULTI_MAX_STATES"
"009","512","5","4","B3","BOTTOM:96","270","65536","0","65536","0","0","0","0","MULTI_MAX_STATES","MULTI_MAX_STATES"
"009","513","5","4","B3","BOTTOM:97","271","65536","0","65536","0","0","0","0","MULTI_MAX_STATES","MULTI_MAX_STATES"
"009","514","5","4","B3","BOTTOM:98","272","65536","0","65536","0","0","0","0","MULTI_MAX_STATES","MULTI_MAX_STATES"
"009","515","5","4","B3","BOTTOM:117","291","65536","0","65536","0","0","0","0","MULTI_MAX_STATES","MULTI_MAX_STATES"
"009","516","5","4","B3","BOTTOM:128","302","65536","0","65536","0","0","0","0","MULTI_MAX_STATES","MULTI_MAX_STATES"
"009","517","5","4","B3","BOTTOM:137","311","65536","0","65536","0","0","0","0","MULTI_MAX_STATES","MULTI_MAX_STATES"
"009","518","5","4","B3","BOTTOM:249","423","65536","0","65536","0","0","0","0","MULTI_MAX_STATES","MULTI_MAX_STATES"
"009","519","5","4","B3","BOTTOM:262","436","65536","0","65536","0","0","0","0","MULTI_MAX_STATES","MULTI_MAX_STATES"
"009","520","5","4","B3","BOTTOM:287","461","65536","0","65536","0","0","0","0","MULTI_MAX_STATES","MULTI_MAX_STATES"
"009","521","5","4","B3","BOTTOM:302","476","65536","0","65536","0","0","0","0","MULTI_MAX_STATES","MULTI_MAX_STATES"
"009","522","5","4","B3","BOTTOM:327","501","65536","0","65536","0","0","0","0","MULTI_MAX_STATES","MULTI_MAX_STATES"
"009","523","5","4","B3","BOTTOM:328","502","65536","0","65536","0","0","0","0","MULTI_MAX_STATES","MULTI_MAX_STATES"
"009","524","5","4","B3","BOTTOM:358","532","65536","0","65536","0","0","0","0","MULTI_MAX_STATES","MULTI_MAX_STATES"
"009","525","5","4","B3","BOTTOM:371","545","65536","0","65536","0","0","0","0","MULTI_MAX_STATES","MULTI_MAX_STATES"
"009","526","5","4","B3","BOTTOM:386","560","65536","0","65536","0","0","0","0","MULTI_MAX_STATES","MULTI_MAX_STATES"
"009","527","5","4","B3","BOTTOM:404","578","65536","0","65536","0","0","0","0","MULTI_MAX_STATES","MULTI_MAX_STATES"
"009","528","5","4","B3","BOTTOM:425","599","65536","0","65536","0","0","0","0","MULTI_MAX_STATES","MULTI_MAX_STATES"
"009","529","5","5","T3","TOP:29","203","65536","0","65536","0","0","0","0","MULTI_MAX_STATES","MULTI_MAX_STATES"
"009","530","5","5","T3","TOP:38","212","65536","0","65536","0","0","0","0","MULTI_MAX_STATES","MULTI_MAX_STATES"
"009","531","5","5","T3","TOP:44","218","65536","0","65536","0","0","0","0","MULTI_MAX_STATES","MULTI_MAX_STATES"
"009","532","5","5","T3","TOP:45","219","65536","0","65536","0","0","0","0","MULTI_MAX_STATES","MULTI_MAX_STATES"
"009","533","5","5","T3","TOP:60","234","65536","0","65536","0","0","0","0","MULTI_MAX_STATES","MULTI_MAX_STATES"
"009","534","5","5","T3","TOP:79","253","65536","0","65536","0","0","0","0","MULTI_MAX_STATES","MULTI_MAX_STATES"
"009","535","5","5","T3","TOP:103","277","65536","0","65536","0","0","0","0","MULTI_MAX_STATES","MULTI_MAX_STATES"
"009","536","5","5","T3","TOP:104","278","65536","0","65536","0","0","0","0","MULTI_MAX_STATES","MULTI_MAX_STATES"
"009","537","5","5","T3","TOP:112","286","65536","0","65536","0","0","0","0","MULTI_MAX_STATES","MULTI_MAX_STATES"
"009","538","5","5","T3","TOP:144","318","65536","0","65536","0","0","0","0","MULTI_MAX_STATES","MULTI_MAX_STATES"
"009","539","5","5","T3","TOP:166","340","65536","0","65536","0","0","0","0","MULTI_MAX_STATES","MULTI_MAX_STATES"
"009","540","5","5","T3","TOP:303","477","65536","0","65536","0","0","0","0","MULTI_MAX_STATES","MULTI_MAX_STATES"
"009","541","5","5","T3","TOP:333","507","65536","0","65536","0","0","0","0","MULTI_MAX_STATES","MULTI_MAX_STATES"
"009","542","5","5","T3","TOP:353","527","65536","0","65536","0","0","0","0","MULTI_MAX_STATES","MULTI_MAX_STATES"
"009","543","5","5","T3","TOP:354","528","65536","0","65536","0","0","0","0","MULTI_MAX_STATES","MULTI_MAX_STATES"
"009","544","5","5","T3","TOP:360","534","65536","0","65536","0","0","0","0","MULTI_MAX_STATES","MULTI_MAX_STATES"
"009","545","5","5","T3","TOP:380","554","65536","0","65536","0","0","0","0","MULTI_MAX_STATES","MULTI_MAX_STATES"
"009","546","5","5","T3","TOP:394","568","65536","0","65536","0","0","0","0","MULTI_MAX_STATES","MULTI_MAX_STATES"
"009","547","5","5","T3","TOP:423","597","65536","0","65536","0","0","0","0","MULTI_MAX_STATES","MULTI_MAX_STATES"
"009","548","5","6","B4","BOTTOM:16","190","65536","0","65536","0","0","0","0","MULTI_MAX_STATES","MULTI_MAX_STATES"
"009","549","5","6","B4","BOTTOM:17","191","65536","0","65536","0","0","0","0","MULTI_MAX_STATES","MULTI_MAX_STATES"
"009","550","5","6","B4","BOTTOM:25","199","65536","0","65536","0","0","0","0","MULTI_MAX_STATES","MULTI_MAX_STATES"
"009","551","5","6","B4","BOTTOM:57","231","65536","0","65536","0","0","0","0","MULTI_MAX_STATES","MULTI_MAX_STATES"
"009","552","5","6","B4","BOTTOM:75","249","65536","0","65536","0","0","0","0","MULTI_MAX_STATES","MULTI_MAX_STATES"
"009","553","5","6","B4","BOTTOM:96","270","65536","0","65536","0","0","0","0","MULTI_MAX_STATES","MULTI_MAX_STATES"
"009","554","5","6","B4","BOTTOM:97","271","65536","0","65536","0","0","0","0","MULTI_MAX_STATES","MULTI_MAX_STATES"
"009","555","5","6","B4","BOTTOM:98","272","65536","0","65536","0","0","0","0","MULTI_MAX_STATES","MULTI_MAX_STATES"
"009","556","5","6","B4","BOTTOM:117","291","65536","0","65536","0","0","0","0","MULTI_MAX_STATES","MULTI_MAX_STATES"
"009","557","5","6","B4","BOTTOM:128","302","65536","0","65536","0","0","0","0","MULTI_MAX_STATES","MULTI_MAX_STATES"
"009","558","5","6","B4","BOTTOM:137","311","65536","0","65536","0","0","0","0","MULTI_MAX_STATES","MULTI_MAX_STATES"
"009","559","5","6","B4","BOTTOM:157","331","65536","0","65536","0","0","0","0","MULTI_MAX_STATES","MULTI_MAX_STATES"
"009","560","5","6","B4","BOTTOM:174","348","65536","0","65536","0","0","0","0","MULTI_MAX_STATES","MULTI_MAX_STATES"
"009","561","5","6","B4","BOTTOM:191","365","65536","0","65536","0","0","0","0","MULTI_MAX_STATES","MULTI_MAX_STATES"
"009","562","5","6","B4","BOTTOM:210","384","65536","0","65536","0","0","0","0","MULTI_MAX_STATES","MULTI_MAX_STATES"
"009","563","5","6","B4","BOTTOM:327","501","65536","0","65536","0","0","0","0","MULTI_MAX_STATES","MULTI_MAX_STATES"
"009","564","5","6","B4","BOTTOM:328","502","65536","0","65536","0","0","0","0","MULTI_MAX_STATES","MULTI_MAX_STATES"
"009","565","5","6","B4","BOTTOM:358","532","65536","0","65536","0","0","0","0","MULTI_MAX_STATES","MULTI_MAX_STATES"
"009","566","5","6","B4","BOTTOM:371","545","65536","0","65536","0","0","0","0","MULTI_MAX_STATES","MULTI_MAX_STATES"
"009","567","5","6","B4","BOTTOM:386","560","65536","0","65536","0","0","0","0","MULTI_MAX_STATES","MULTI_MAX_STATES"
"009","568","5","6","B4","BOTTOM:404","578","65536","0","65536","0","0","0","0","MULTI_MAX_STATES","MULTI_MAX_STATES"
"009","569","5","6","B4","BOTTOM:425","599","65536","0","65536","0","0","0","0","MULTI_MAX_STATES","MULTI_MAX_STATES"
"009","570","5","7","T4","TOP:29","203","65536","0","65536","0","0","0","0","MULTI_MAX_STATES","MULTI_MAX_STATES"
"009","571","5","7","T4","TOP:38","212","65536","0","65536","0","0","0","0","MULTI_MAX_STATES","MULTI_MAX_STATES"
"009","572","5","7","T4","TOP:44","218","65536","0","65536","0","0","0","0","MULTI_MAX_STATES","MULTI_MAX_STATES"
"009","573","5","7","T4","TOP:45","219","65536","0","65536","0","0","0","0","MULTI_MAX_STATES","MULTI_MAX_STATES"
"009","574","5","7","T4","TOP:60","234","65536","0","65536","0","0","0","0","MULTI_MAX_STATES","MULTI_MAX_STATES"
"009","575","5","7","T4","TOP:79","253","65536","0","65536","0","0","0","0","MULTI_MAX_STATES","MULTI_MAX_STATES"
"009","576","5","7","T4","TOP:103","277","65536","0","65536","0","0","0","0","MULTI_MAX_STATES","MULTI_MAX_STATES"
"009","577","5","7","T4","TOP:104","278","65536","0","65536","0","0","0","0","MULTI_MAX_STATES","MULTI_MAX_STATES"
"009","578","5","7","T4","TOP:112","286","65536","0","65536","0","0","0","0","MULTI_MAX_STATES","MULTI_MAX_STATES"
"009","579","5","7","T4","TOP:144","318","65536","0","65536","0","0","0","0","MULTI_MAX_STATES","MULTI_MAX_STATES"
"009","580","5","7","T4","TOP:166","340","65536","0","65536","0","0","0","0","MULTI_MAX_STATES","MULTI_MAX_STATES"
"009","581","5","7","T4","TOP:186","360","65536","0","65536","0","0","0","0","MULTI_MAX_STATES","MULTI_MAX_STATES"
"009","582","5","7","T4","TOP:199","373","65536","0","65536","0","0","0","0","MULTI_MAX_STATES","MULTI_MAX_STATES"
"009","583","5","7","T4","TOP:200","374","65536","0","65536","0","0","0","0","MULTI_MAX_STATES","MULTI_MAX_STATES"
"009","584","5","7","T4","TOP:207","381","65536","0","65536","0","0","0","0","MULTI_MAX_STATES","MULTI_MAX_STATES"
"009","585","5","7","T4","TOP:216","390","65536","0","65536","0","0","0","0","MULTI_MAX_STATES","MULTI_MAX_STATES"
"009","586","5","7","T4","TOP:239","413","65536","0","65536","0","0","0","0","MULTI_MAX_STATES","MULTI_MAX_STATES"
"009","587","5","7","T4","TOP:257","431","65536","0","65536","0","0","0","0","MULTI_MAX_STATES","MULTI_MAX_STATES"
"009","588","5","7","T4","TOP:275","449","65536","0","65536","0","0","0","0","MULTI_MAX_STATES","MULTI_MAX_STATES"
"009","589","5","7","T4","TOP:289","463","65536","0","65536","0","0","0","0","MULTI_MAX_STATES","MULTI_MAX_STATES"
"009","590","5","7","T4","TOP:380","554","65536","0","65536","0","0","0","0","MULTI_MAX_STATES","MULTI_MAX_STATES"
"009","591","5","7","T4","TOP:394","568","65536","0","65536","0","0","0","0","MULTI_MAX_STATES","MULTI_MAX_STATES"
"009","592","5","7","T4","TOP:423","597","65536","0","65536","0","0","0","0","MULTI_MAX_STATES","MULTI_MAX_STATES"
"009","593","5","8","B5","BOTTOM:16","190","65536","0","65536","0","0","0","0","MULTI_MAX_STATES","MULTI_MAX_STATES"
"009","594","5","8","B5","BOTTOM:17","191","65536","0","65536","0","0","0","0","MULTI_MAX_STATES","MULTI_MAX_STATES"
"009","595","5","8","B5","BOTTOM:25","199","65536","0","65536","0","0","0","0","MULTI_MAX_STATES","MULTI_MAX_STATES"
"009","596","5","8","B5","BOTTOM:57","231","65536","0","65536","0","0","0","0","MULTI_MAX_STATES","MULTI_MAX_STATES"
"009","597","5","8","B5","BOTTOM:75","249","65536","0","65536","0","0","0","0","MULTI_MAX_STATES","MULTI_MAX_STATES"
"009","598","5","8","B5","BOTTOM:96","270","65536","0","65536","0","0","0","0","MULTI_MAX_STATES","MULTI_MAX_STATES"
"009","599","5","8","B5","BOTTOM:97","271","65536","0","65536","0","0","0","0","MULTI_MAX_STATES","MULTI_MAX_STATES"
"009","600","5","8","B5","BOTTOM:98","272","65536","0","65536","0","0","0","0","MULTI_MAX_STATES","MULTI_MAX_STATES"
"009","601","5","8","B5","BOTTOM:117","291","65536","0","65536","0","0","0","0","MULTI_MAX_STATES","MULTI_MAX_STATES"
"009","602","5","8","B5","BOTTOM:128","302","65536","0","65536","0","0","0","0","MULTI_MAX_STATES","MULTI_MAX_STATES"
"009","603","5","8","B5","BOTTOM:137","311","65536","0","65536","0","0","0","0","MULTI_MAX_STATES","MULTI_MAX_STATES"
"009","604","5","8","B5","BOTTOM:157","331","65536","0","65536","0","0","0","0","MULTI_MAX_STATES","MULTI_MAX_STATES"
"009","605","5","8","B5","BOTTOM:174","348","65536","0","65536","0","0","0","0","MULTI_MAX_STATES","MULTI_MAX_STATES"
"009","606","5","8","B5","BOTTOM:191","365","65536","0","65536","0","0","0","0","MULTI_MAX_STATES","MULTI_MAX_STATES"
"009","607","5","8","B5","BOTTOM:210","384","65536","0","65536","0","0","0","0","MULTI_MAX_STATES","MULTI_MAX_STATES"
"009","608","5","8","B5","BOTTOM:249","423","65536","0","65536","0","0","0","0","MULTI_MAX_STATES","MULTI_MAX_STATES"
"009","609","5","8","B5","BOTTOM:262","436","65536","0","65536","0","0","0","0","MULTI_MAX_STATES","MULTI_MAX_STATES"
"009","610","5","8","B5","BOTTOM:287","461","65536","0","65536","0","0","0","0","MULTI_MAX_STATES","MULTI_MAX_STATES"
"009","611","5","8","B5","BOTTOM:302","476","65536","0","65536","0","0","0","0","MULTI_MAX_STATES","MULTI_MAX_STATES"
"009","612","5","8","B5","BOTTOM:327","501","65536","0","65536","0","0","0","0","MULTI_MAX_STATES","MULTI_MAX_STATES"
"009","613","5","8","B5","BOTTOM:328","502","65536","0","65536","0","0","0","0","MULTI_MAX_STATES","MULTI_MAX_STATES"
"009","614","5","8","B5","BOTTOM:386","560","65536","0","65536","0","0","0","0","MULTI_MAX_STATES","MULTI_MAX_STATES"
"009","615","5","8","B5","BOTTOM:404","578","65536","0","65536","0","0","0","0","MULTI_MAX_STATES","MULTI_MAX_STATES"
"009","616","5","8","B5","BOTTOM:425","599","65536","0","65536","0","0","0","0","MULTI_MAX_STATES","MULTI_MAX_STATES"
"009","617","5","9","T5","TOP:29","203","65536","0","65536","0","0","0","0","MULTI_MAX_STATES","MULTI_MAX_STATES"
"009","618","5","9","T5","TOP:38","212","65536","0","65536","0","0","0","0","MULTI_MAX_STATES","MULTI_MAX_STATES"
"009","619","5","9","T5","TOP:44","218","65536","0","65536","0","0","0","0","MULTI_MAX_STATES","MULTI_MAX_STATES"
"009","620","5","9","T5","TOP:45","219","65536","0","65536","0","0","0","0","MULTI_MAX_STATES","MULTI_MAX_STATES"
"009","621","5","9","T5","TOP:60","234","65536","0","65536","0","0","0","0","MULTI_MAX_STATES","MULTI_MAX_STATES"
"009","622","5","9","T5","TOP:79","253","65536","0","65536","0","0","0","0","MULTI_MAX_STATES","MULTI_MAX_STATES"
"009","623","5","9","T5","TOP:103","277","65536","0","65536","0","0","0","0","MULTI_MAX_STATES","MULTI_MAX_STATES"
"009","624","5","9","T5","TOP:104","278","65536","0","65536","0","0","0","0","MULTI_MAX_STATES","MULTI_MAX_STATES"
"009","625","5","9","T5","TOP:112","286","65536","0","65536","0","0","0","0","MULTI_MAX_STATES","MULTI_MAX_STATES"
"009","626","5","9","T5","TOP:144","318","65536","0","65536","0","0","0","0","MULTI_MAX_STATES","MULTI_MAX_STATES"
"009","627","5","9","T5","TOP:166","340","65536","0","65536","0","0","0","0","MULTI_MAX_STATES","MULTI_MAX_STATES"
"009","628","5","9","T5","TOP:186","360","65536","0","65536","0","0","0","0","MULTI_MAX_STATES","MULTI_MAX_STATES"
"009","629","5","9","T5","TOP:199","373","65536","0","65536","0","0","0","0","MULTI_MAX_STATES","MULTI_MAX_STATES"
"009","630","5","9","T5","TOP:200","374","65536","0","65536","0","0","0","0","MULTI_MAX_STATES","MULTI_MAX_STATES"
"009","631","5","9","T5","TOP:207","381","65536","0","65536","0","0","0","0","MULTI_MAX_STATES","MULTI_MAX_STATES"
"009","632","5","9","T5","TOP:216","390","65536","0","65536","0","0","0","0","MULTI_MAX_STATES","MULTI_MAX_STATES"
"009","633","5","9","T5","TOP:239","413","65536","0","65536","0","0","0","0","MULTI_MAX_STATES","MULTI_MAX_STATES"
"009","634","5","9","T5","TOP:257","431","65536","0","65536","0","0","0","0","MULTI_MAX_STATES","MULTI_MAX_STATES"
"009","635","5","9","T5","TOP:275","449","65536","0","65536","0","0","0","0","MULTI_MAX_STATES","MULTI_MAX_STATES"
"009","636","5","9","T5","TOP:289","463","65536","0","65536","0","0","0","0","MULTI_MAX_STATES","MULTI_MAX_STATES"
"009","637","5","9","T5","TOP:303","477","65536","0","65536","0","0","0","0","MULTI_MAX_STATES","MULTI_MAX_STATES"
"009","638","5","9","T5","TOP:333","507","65536","0","65536","0","0","0","0","MULTI_MAX_STATES","MULTI_MAX_STATES"
"009","639","5","9","T5","TOP:353","527","65536","0","65536","0","0","0","0","MULTI_MAX_STATES","MULTI_MAX_STATES"
"009","640","5","9","T5","TOP:354","528","65536","0","65536","0","0","0","0","MULTI_MAX_STATES","MULTI_MAX_STATES"
"009","641","5","9","T5","TOP:360","534","65536","0","65536","0","0","0","0","MULTI_MAX_STATES","MULTI_MAX_STATES"
"009","642","5","9","T5","TOP:423","597","65536","0","65536","0","0","0","0","MULTI_MAX_STATES","MULTI_MAX_STATES"
"009","643","5","10","B6","BOTTOM:16","190","65536","0","65536","0","0","0","0","MULTI_MAX_STATES","MULTI_MAX_STATES"
"009","644","5","10","B6","BOTTOM:17","191","65536","0","65536","0","0","0","0","MULTI_MAX_STATES","MULTI_MAX_STATES"
"009","645","5","10","B6","BOTTOM:25","199","65536","0","65536","0","0","0","0","MULTI_MAX_STATES","MULTI_MAX_STATES"
"009","646","5","10","B6","BOTTOM:57","231","65536","0","65536","0","0","0","0","MULTI_MAX_STATES","MULTI_MAX_STATES"
"009","647","5","10","B6","BOTTOM:75","249","65536","0","65536","0","0","0","0","MULTI_MAX_STATES","MULTI_MAX_STATES"
"009","648","5","10","B6","BOTTOM:96","270","65536","0","65536","0","0","0","0","MULTI_MAX_STATES","MULTI_MAX_STATES"
"009","649","5","10","B6","BOTTOM:97","271","65536","0","65536","0","0","0","0","MULTI_MAX_STATES","MULTI_MAX_STATES"
"009","650","5","10","B6","BOTTOM:98","272","65536","0","65536","0","0","0","0","MULTI_MAX_STATES","MULTI_MAX_STATES"
"009","651","5","10","B6","BOTTOM:117","291","65536","0","65536","0","0","0","0","MULTI_MAX_STATES","MULTI_MAX_STATES"
"009","652","5","10","B6","BOTTOM:128","302","65536","0","65536","0","0","0","0","MULTI_MAX_STATES","MULTI_MAX_STATES"
"009","653","5","10","B6","BOTTOM:137","311","65536","0","65536","0","0","0","0","MULTI_MAX_STATES","MULTI_MAX_STATES"
"009","654","5","10","B6","BOTTOM:157","331","65536","0","65536","0","0","0","0","MULTI_MAX_STATES","MULTI_MAX_STATES"
"009","655","5","10","B6","BOTTOM:174","348","65536","0","65536","0","0","0","0","MULTI_MAX_STATES","MULTI_MAX_STATES"
"009","656","5","10","B6","BOTTOM:191","365","65536","0","65536","0","0","0","0","MULTI_MAX_STATES","MULTI_MAX_STATES"
"009","657","5","10","B6","BOTTOM:210","384","65536","0","65536","0","0","0","0","MULTI_MAX_STATES","MULTI_MAX_STATES"
"009","658","5","10","B6","BOTTOM:249","423","65536","0","65536","0","0","0","0","MULTI_MAX_STATES","MULTI_MAX_STATES"
"009","659","5","10","B6","BOTTOM:262","436","65536","0","65536","0","0","0","0","MULTI_MAX_STATES","MULTI_MAX_STATES"
"009","660","5","10","B6","BOTTOM:287","461","65536","0","65536","0","0","0","0","MULTI_MAX_STATES","MULTI_MAX_STATES"
"009","661","5","10","B6","BOTTOM:302","476","65536","0","65536","0","0","0","0","MULTI_MAX_STATES","MULTI_MAX_STATES"
"009","662","5","10","B6","BOTTOM:327","501","65536","0","65536","0","0","0","0","MULTI_MAX_STATES","MULTI_MAX_STATES"
"009","663","5","10","B6","BOTTOM:328","502","65536","0","65536","0","0","0","0","MULTI_MAX_STATES","MULTI_MAX_STATES"
"009","664","5","10","B6","BOTTOM:358","532","65536","0","65536","0","0","0","0","MULTI_MAX_STATES","MULTI_MAX_STATES"
"009","665","5","10","B6","BOTTOM:371","545","65536","0","65536","0","0","0","0","MULTI_MAX_STATES","MULTI_MAX_STATES"
"009","666","5","10","B6","BOTTOM:386","560","65536","0","65536","0","0","0","0","MULTI_MAX_STATES","MULTI_MAX_STATES"
"010","1","1","0","B1","BOTTOM:119","296","0","1054","1054","1034","20","0","0","null","null"
"010","2","1","0","B1","BOTTOM:133","310","1054","1000","2054","981","19","0","0","null","null"
"010","3","1","0","B1","BOTTOM:156","333","2054","946","3000","928","18","0","0","null","null"
"010","4","1","0","B1","BOTTOM:171","348","3000","892","3892","875","17","0","0","null","null"
"010","5","1","0","B1","BOTTOM:172","349","3892","892","4784","875","17","0","0","null","null"
"010","6","1","0","B1","BOTTOM:173","350","4784","892","5676","875","17","0","0","null","null"
"010","7","1","0","B1","BOTTOM:195","372","5676","784","6460","769","15","0","0","null","null"
"010","8","1","0","B1","BOTTOM:208","385","6460","730","7190","716","14","0","0","null","null"
"010","9","1","0","B1","BOTTOM:221","398","7190","676","7866","663","13","0","0","null","null"
"010","10","1","0","B1","BOTTOM:241","418","7866","676","8542","663","13","0","0","null","null"
"010","11","1","0","B1","BOTTOM:242","419","8542","676","9218","663","13","0","0","null","null"
"010","12","1","0","B1","BOTTOM:259","436","9218","568","9786","557","11","0","0","null","null"
"010","13","1","0","B1","BOTTOM:268","445","9786","460","10246","451","9","0","0","null","null"
"010","14","1","0","B1","BOTTOM:285","462","10246","352","10598","345","7","0","0","null","null"
"010","15","1","0","B1","BOTTOM:310","487","10598","298","10896","292","6","0","0","null","null"
"010","16","1","0","B1","BOTTOM:311","488","10896","298","11194","292","6","0","0","null","null"
"010","17","1","0","B1","BOTTOM:312","489","11194","298","11492","292","6","0","0","null","null"
"010","18","1","0","B1","BOTTOM:313","490","11492","298","11790","292","6","0","0","null","null"
"010","19","1","0","B1","BOTTOM:314","491","11790","298","12088","292","6","0","0","null","null"
"010","20","1","0","B1","BOTTOM:315","492","12088","298","12386","292","6","0","0","null","null"
"010","21","1","0","B1","BOTTOM:316","493","12386","298","12684","292","6","0","0","null","null"
"010","22","1","0","B1","BOTTOM:344","521","12684","190","12874","186","4","0","0","null","null"
"010","23","1","0","B1","BOTTOM:366","543","12874","82","12956","80","2","0","0","null","null"
"010","24","1","0","B1","BOTTOM:386","563","12956","82","13038","80","2","0","0","null","null"
"010","25","1","0","B1","BOTTOM:412","589","13038","28","13066","27","1","0","0","null","null"
"010","26","1","1","T1","TOP:411","588","13066","1814","14880","1729","64","0","0","null","null"
"010","27","1","2","B2","BOTTOM:0","177","14880","54","14934","54","0","0","0","null","null"
"010","28","1","2","B2","BOTTOM:1","178","14934","54","14988","54","0","0","0","null","null"
"010","29","1","2","B2","BOTTOM:2","179","14988","54","15042","54","0","0","0","null","null"
"010","30","1","2","B2","BOTTOM:3","180","15042","54","15096","54","0","0","0","null","null"
"010","31","1","2","B2","BOTTOM:4","181","15096","54","15150","54","0","0","0","null","null"
"010","32","1","2","B2","BOTTOM:5","182","15150","54","15204","54","0","0","0","null","null"
"010","33","1","2","B2","BOTTOM:6","183","15204","54","15258","54","0","0","0","null","null"
"010","34","1","2","B2","BOTTOM:7","184","15258","54","15312","54","0","0","0","null","null"
"010","35","1","2","B2","BOTTOM:8","185","15312","54","15366","54","0","0","0","null","null"
"010","36","1","2","B2","BOTTOM:9","186","15366","54","15420","54","0","0","0","null","null"
"010","37","1","2","B2","BOTTOM:10","187","15420","54","15474","54","0","0","0","null","null"
"010","38","1","2","B2","BOTTOM:11","188","15474","54","15528","54","0","0","0","null","null"
"010","39","1","2","B2","BOTTOM:12","189","15528","54","15582","54","0","0","0","null","null"
"010","40","1","2","B2","BOTTOM:13","190","15582","54","15636","54","0","0","0","null","null"
"010","41","1","2","B2","BOTTOM:14","191","15636","54","15690","54","0","0","0","null","null"
"010","42","1","2","B2","BOTTOM:15","192","15690","54","15744","54","0","0","0","null","null"
"010","43","1","2","B2","BOTTOM:16","193","15744","81","15825","80","1","0","0","null","null"
"010","44","1","2","B2","BOTTOM:17","194","15825","108","15933","106","2","0","0","null","null"
"010","45","1","2","B2","BOTTOM:40","217","15933","558","16491","522","36","0","0","null","null"
"010","46","1","2","B2","BOTTOM:60","237","16491","599","17090","500","51","26","3","null","null"
"010","47","1","2","B2","BOTTOM:75","252","17090","599","17689","456","51","32","3","null","null"
"010","48","2","0","B1","BOTTOM:60","237","0","3296","3296","2937","78","9","3","null","null"
"010","49","2","0","B1","BOTTOM:75","252","3296","3296","6592","2939","78","8","3","null","null"
"010","50","2","0","B1","BOTTOM:92","269","6592","3188","9780","2863","76","4","3","null","null"
"010","51","2","0","B1","BOTTOM:93","270","9780","3188","12968","2863","76","4","3","null","null"
"010","52","2","0","B1","BOTTOM:94","271","12968","3188","16156","2863","76","4","3","null","null"
"010","53","2","0","B1","BOTTOM:95","272","16156","3188","19344","2863","76","4","3","null","null"
"010","54","2","0","B1","BOTTOM:96","273","19344","3188","22532","2863","76","4","3","null","null"
"010","55","2","0","B1","BOTTOM:97","274","22532","3188","25720","2863","76","4","3","null","null"
"010","56","2","0","B1","BOTTOM:98","275","25720","3188","28908","2863","76","4","3","null","null"
"010","57","2","0","B1","BOTTOM:99","276","28908","3188","32096","2863","76","4","3","null","null"
"010","58","2","0","B1","BOTTOM:119","296","32096","2972","35068","2703","72","0","0","null","null"
"010","59","2","0","B1","BOTTOM:133","310","35068","2864","37932","2624","70","0","0","null","null"
"010","60","2","0","B1","BOTTOM:156","333","37932","2756","40688","2538","68","0","0","null","null"
"010","61","2","0","B1","BOTTOM:171","348","40688","2648","43336","2452","66","0","0","null","null"
"010","62","2","0","B1","BOTTOM:172","349","43336","2648","45984","2452","66","0","0","null","null"
"010","63","2","0","B1","BOTTOM:173","350","45984","2648","48632","2452","66","0","0","null","null"
"010","64","2","0","B1","BOTTOM:195","372","48632","2432","51064","2275","62","0","0","null","null"
"010","65","2","0","B1","BOTTOM:208","385","51064","2324","53388","2187","60","0","0","null","null"
"010","66","2","0","B1","BOTTOM:221","398","53388","2216","55604","2095","58","0","0","null","null"
"010","67","2","0","B1","BOTTOM:241","418","55604","2216","57820","2101","58","0","0","null","null"
"010","68","2","0","B1","BOTTOM:242","419","57820","2216","60036","2101","58","0","0","null","null"
"010","69","2","0","B1","BOTTOM:259","436","60036","2000","62036","1911","54","0","0","null","null"
"010","70","2","0","B1","BOTTOM:268","445","62036","1784","63820","1730","50","0","0","null","null"
"010","71","2","0","B1","BOTTOM:285","462","63820","1136","64956","1106","30","0","0","null","null"
"010","72","2","0","B1","BOTTOM:310","487","64956","580","65536","557","23","0","0","null","MULTI_MAX_STATES"
"010","73","2","0","B1","BOTTOM:311","488","65536","0","65536","0","0","0","0","MULTI_MAX_STATES","MULTI_MAX_STATES"
"010","74","2","0","B1","BOTTOM:312","489","65536","0","65536","0","0","0","0","MULTI_MAX_STATES","MULTI_MAX_STATES"
"010","75","2","0","B1","BOTTOM:313","490","65536","0","65536","0","0","0","0","MULTI_MAX_STATES","MULTI_MAX_STATES"
"010","76","2","0","B1","BOTTOM:314","491","65536","0","65536","0","0","0","0","MULTI_MAX_STATES","MULTI_MAX_STATES"
"010","77","2","0","B1","BOTTOM:315","492","65536","0","65536","0","0","0","0","MULTI_MAX_STATES","MULTI_MAX_STATES"
"010","78","2","0","B1","BOTTOM:316","493","65536","0","65536","0","0","0","0","MULTI_MAX_STATES","MULTI_MAX_STATES"
"010","79","2","0","B1","BOTTOM:344","521","65536","0","65536","0","0","0","0","MULTI_MAX_STATES","MULTI_MAX_STATES"
"010","80","2","0","B1","BOTTOM:366","543","65536","0","65536","0","0","0","0","MULTI_MAX_STATES","MULTI_MAX_STATES"
"010","81","2","0","B1","BOTTOM:386","563","65536","0","65536","0","0","0","0","MULTI_MAX_STATES","MULTI_MAX_STATES"
"010","82","2","0","B1","BOTTOM:412","589","65536","0","65536","0","0","0","0","MULTI_MAX_STATES","MULTI_MAX_STATES"
"010","83","2","1","T1","TOP:164","341","65536","0","65536","0","0","0","0","MULTI_MAX_STATES","MULTI_MAX_STATES"
"010","84","2","1","T1","TOP:188","365","65536","0","65536","0","0","0","0","MULTI_MAX_STATES","MULTI_MAX_STATES"
"010","85","2","1","T1","TOP:200","377","65536","0","65536","0","0","0","0","MULTI_MAX_STATES","MULTI_MAX_STATES"
"010","86","2","1","T1","TOP:212","389","65536","0","65536","0","0","0","0","MULTI_MAX_STATES","MULTI_MAX_STATES"
"010","87","2","1","T1","TOP:226","403","65536","0","65536","0","0","0","0","MULTI_MAX_STATES","MULTI_MAX_STATES"
"010","88","2","1","T1","TOP:255","432","65536","0","65536","0","0","0","0","MULTI_MAX_STATES","MULTI_MAX_STATES"
"010","89","2","1","T1","TOP:265","442","65536","0","65536","0","0","0","0","MULTI_MAX_STATES","MULTI_MAX_STATES"
"010","90","2","1","T1","TOP:268","445","65536","0","65536","0","0","0","0","MULTI_MAX_STATES","MULTI_MAX_STATES"
"010","91","2","1","T1","TOP:269","446","65536","0","65536","0","0","0","0","MULTI_MAX_STATES","MULTI_MAX_STATES"
"010","92","2","1","T1","TOP:277","454","65536","0","65536","0","0","0","0","MULTI_MAX_STATES","MULTI_MAX_STATES"
"010","93","2","1","T1","TOP:289","466","65536","0","65536","0","0","0","0","MULTI_MAX_STATES","MULTI_MAX_STATES"
"010","94","2","1","T1","TOP:302","479","65536","0","65536","0","0","0","0","MULTI_MAX_STATES","MULTI_MAX_STATES"
"010","95","2","1","T1","TOP:324","501","65536","0","65536","0","0","0","0","MULTI_MAX_STATES","MULTI_MAX_STATES"
"010","96","2","1","T1","TOP:340","517","65536","0","65536","0","0","0","0","MULTI_MAX_STATES","MULTI_MAX_STATES"
"010","97","2","1","T1","TOP:354","531","65536","0","65536","0","0","0","0","MULTI_MAX_STATES","MULTI_MAX_STATES"
"010","98","2","1","T1","TOP:370","547","65536","0","65536","0","0","0","0","MULTI_MAX_STATES","MULTI_MAX_STATES"
"010","99","2","1","T1","TOP:411","588","65536","0","65536","0","0","0","0","MULTI_MAX_STATES","MULTI_MAX_STATES"
"010","100","2","2","B2","BOTTOM:0","177","65536","0","65536","0","0","0","0","MULTI_MAX_STATES","MULTI_MAX_STATES"
"010","101","2","2","B2","BOTTOM:1","178","65536","0","65536","0","0","0","0","MULTI_MAX_STATES","MULTI_MAX_STATES"
"010","102","2","2","B2","BOTTOM:2","179","65536","0","65536","0","0","0","0","MULTI_MAX_STATES","MULTI_MAX_STATES"
"010","103","2","2","B2","BOTTOM:3","180","65536","0","65536","0","0","0","0","MULTI_MAX_STATES","MULTI_MAX_STATES"
"010","104","2","2","B2","BOTTOM:4","181","65536","0","65536","0","0","0","0","MULTI_MAX_STATES","MULTI_MAX_STATES"
"010","105","2","2","B2","BOTTOM:5","182","65536","0","65536","0","0","0","0","MULTI_MAX_STATES","MULTI_MAX_STATES"
"010","106","2","2","B2","BOTTOM:6","183","65536","0","65536","0","0","0","0","MULTI_MAX_STATES","MULTI_MAX_STATES"
"010","107","2","2","B2","BOTTOM:7","184","65536","0","65536","0","0","0","0","MULTI_MAX_STATES","MULTI_MAX_STATES"
"010","108","2","2","B2","BOTTOM:8","185","65536","0","65536","0","0","0","0","MULTI_MAX_STATES","MULTI_MAX_STATES"
"010","109","2","2","B2","BOTTOM:9","186","65536","0","65536","0","0","0","0","MULTI_MAX_STATES","MULTI_MAX_STATES"
"010","110","2","2","B2","BOTTOM:10","187","65536","0","65536","0","0","0","0","MULTI_MAX_STATES","MULTI_MAX_STATES"
"010","111","2","2","B2","BOTTOM:11","188","65536","0","65536","0","0","0","0","MULTI_MAX_STATES","MULTI_MAX_STATES"
"010","112","2","2","B2","BOTTOM:12","189","65536","0","65536","0","0","0","0","MULTI_MAX_STATES","MULTI_MAX_STATES"
"010","113","2","2","B2","BOTTOM:13","190","65536","0","65536","0","0","0","0","MULTI_MAX_STATES","MULTI_MAX_STATES"
"010","114","2","2","B2","BOTTOM:14","191","65536","0","65536","0","0","0","0","MULTI_MAX_STATES","MULTI_MAX_STATES"
"010","115","2","2","B2","BOTTOM:15","192","65536","0","65536","0","0","0","0","MULTI_MAX_STATES","MULTI_MAX_STATES"
"010","116","2","2","B2","BOTTOM:16","193","65536","0","65536","0","0","0","0","MULTI_MAX_STATES","MULTI_MAX_STATES"
"010","117","2","2","B2","BOTTOM:17","194","65536","0","65536","0","0","0","0","MULTI_MAX_STATES","MULTI_MAX_STATES"
"010","118","2","2","B2","BOTTOM:40","217","65536","0","65536","0","0","0","0","MULTI_MAX_STATES","MULTI_MAX_STATES"
"010","119","2","2","B2","BOTTOM:171","348","65536","0","65536","0","0","0","0","MULTI_MAX_STATES","MULTI_MAX_STATES"
"010","120","2","2","B2","BOTTOM:172","349","65536","0","65536","0","0","0","0","MULTI_MAX_STATES","MULTI_MAX_STATES"
"010","121","2","2","B2","BOTTOM:173","350","65536","0","65536","0","0","0","0","MULTI_MAX_STATES","MULTI_MAX_STATES"
"010","122","2","2","B2","BOTTOM:195","372","65536","0","65536","0","0","0","0","MULTI_MAX_STATES","MULTI_MAX_STATES"
"010","123","2","2","B2","BOTTOM:208","385","65536","0","65536","0","0","0","0","MULTI_MAX_STATES","MULTI_MAX_STATES"
"010","124","2","2","B2","BOTTOM:221","398","65536","0","65536","0","0","0","0","MULTI_MAX_STATES","MULTI_MAX_STATES"
"010","125","2","2","B2","BOTTOM:241","418","65536","0","65536","0","0","0","0","MULTI_MAX_STATES","MULTI_MAX_STATES"
"010","126","2","2","B2","BOTTOM:242","419","65536","0","65536","0","0","0","0","MULTI_MAX_STATES","MULTI_MAX_STATES"
"010","127","2","2","B2","BOTTOM:259","436","65536","0","65536","0","0","0","0","MULTI_MAX_STATES","MULTI_MAX_STATES"
"010","128","2","2","B2","BOTTOM:268","445","65536","0","65536","0","0","0","0","MULTI_MAX_STATES","MULTI_MAX_STATES"
"010","129","2","2","B2","BOTTOM:285","462","65536","0","65536","0","0","0","0","MULTI_MAX_STATES","MULTI_MAX_STATES"
"010","130","2","2","B2","BOTTOM:310","487","65536","0","65536","0","0","0","0","MULTI_MAX_STATES","MULTI_MAX_STATES"
"010","131","2","2","B2","BOTTOM:311","488","65536","0","65536","0","0","0","0","MULTI_MAX_STATES","MULTI_MAX_STATES"
"010","132","2","2","B2","BOTTOM:312","489","65536","0","65536","0","0","0","0","MULTI_MAX_STATES","MULTI_MAX_STATES"
"010","133","2","2","B2","BOTTOM:313","490","65536","0","65536","0","0","0","0","MULTI_MAX_STATES","MULTI_MAX_STATES"
"010","134","2","2","B2","BOTTOM:314","491","65536","0","65536","0","0","0","0","MULTI_MAX_STATES","MULTI_MAX_STATES"
"010","135","2","2","B2","BOTTOM:315","492","65536","0","65536","0","0","0","0","MULTI_MAX_STATES","MULTI_MAX_STATES"
"010","136","2","2","B2","BOTTOM:316","493","65536","0","65536","0","0","0","0","MULTI_MAX_STATES","MULTI_MAX_STATES"
"010","137","2","2","B2","BOTTOM:344","521","65536","0","65536","0","0","0","0","MULTI_MAX_STATES","MULTI_MAX_STATES"
"010","138","2","2","B2","BOTTOM:366","543","65536","0","65536","0","0","0","0","MULTI_MAX_STATES","MULTI_MAX_STATES"
"010","139","2","2","B2","BOTTOM:386","563","65536","0","65536","0","0","0","0","MULTI_MAX_STATES","MULTI_MAX_STATES"
"010","140","2","2","B2","BOTTOM:412","589","65536","0","65536","0","0","0","0","MULTI_MAX_STATES","MULTI_MAX_STATES"
"010","141","2","3","T2","TOP:27","204","65536","0","65536","0","0","0","0","MULTI_MAX_STATES","MULTI_MAX_STATES"
"010","142","2","3","T2","TOP:44","221","65536","0","65536","0","0","0","0","MULTI_MAX_STATES","MULTI_MAX_STATES"
"010","143","2","3","T2","TOP:45","222","65536","0","65536","0","0","0","0","MULTI_MAX_STATES","MULTI_MAX_STATES"
"010","144","2","3","T2","TOP:56","233","65536","0","65536","0","0","0","0","MULTI_MAX_STATES","MULTI_MAX_STATES"
"010","145","2","3","T2","TOP:66","243","65536","0","65536","0","0","0","0","MULTI_MAX_STATES","MULTI_MAX_STATES"
"010","146","2","3","T2","TOP:411","588","65536","0","65536","0","0","0","0","MULTI_MAX_STATES","MULTI_MAX_STATES"
"010","147","2","4","B3","BOTTOM:0","177","65536","0","65536","0","0","0","0","MULTI_MAX_STATES","MULTI_MAX_STATES"
"010","148","2","4","B3","BOTTOM:1","178","65536","0","65536","0","0","0","0","MULTI_MAX_STATES","MULTI_MAX_STATES"
"010","149","2","4","B3","BOTTOM:2","179","65536","0","65536","0","0","0","0","MULTI_MAX_STATES","MULTI_MAX_STATES"
"010","150","2","4","B3","BOTTOM:3","180","65536","0","65536","0","0","0","0","MULTI_MAX_STATES","MULTI_MAX_STATES"
"010","151","2","4","B3","BOTTOM:4","181","65536","0","65536","0","0","0","0","MULTI_MAX_STATES","MULTI_MAX_STATES"
"010","152","2","4","B3","BOTTOM:5","182","65536","0","65536","0","0","0","0","MULTI_MAX_STATES","MULTI_MAX_STATES"
"010","153","2","4","B3","BOTTOM:6","183","65536","0","65536","0","0","0","0","MULTI_MAX_STATES","MULTI_MAX_STATES"
"010","154","2","4","B3","BOTTOM:7","184","65536","0","65536","0","0","0","0","MULTI_MAX_STATES","MULTI_MAX_STATES"
"010","155","2","4","B3","BOTTOM:8","185","65536","0","65536","0","0","0","0","MULTI_MAX_STATES","MULTI_MAX_STATES"
"010","156","2","4","B3","BOTTOM:9","186","65536","0","65536","0","0","0","0","MULTI_MAX_STATES","MULTI_MAX_STATES"
"010","157","2","4","B3","BOTTOM:10","187","65536","0","65536","0","0","0","0","MULTI_MAX_STATES","MULTI_MAX_STATES"
"010","158","2","4","B3","BOTTOM:11","188","65536","0","65536","0","0","0","0","MULTI_MAX_STATES","MULTI_MAX_STATES"
"010","159","2","4","B3","BOTTOM:12","189","65536","0","65536","0","0","0","0","MULTI_MAX_STATES","MULTI_MAX_STATES"
"010","160","2","4","B3","BOTTOM:13","190","65536","0","65536","0","0","0","0","MULTI_MAX_STATES","MULTI_MAX_STATES"
"010","161","2","4","B3","BOTTOM:14","191","65536","0","65536","0","0","0","0","MULTI_MAX_STATES","MULTI_MAX_STATES"
"010","162","2","4","B3","BOTTOM:15","192","65536","0","65536","0","0","0","0","MULTI_MAX_STATES","MULTI_MAX_STATES"
"010","163","2","4","B3","BOTTOM:16","193","65536","0","65536","0","0","0","0","MULTI_MAX_STATES","MULTI_MAX_STATES"
"010","164","2","4","B3","BOTTOM:17","194","65536","0","65536","0","0","0","0","MULTI_MAX_STATES","MULTI_MAX_STATES"
"010","165","2","4","B3","BOTTOM:40","217","65536","0","65536","0","0","0","0","MULTI_MAX_STATES","MULTI_MAX_STATES"
"010","166","2","4","B3","BOTTOM:60","237","65536","0","65536","0","0","0","0","MULTI_MAX_STATES","MULTI_MAX_STATES"
"010","167","2","4","B3","BOTTOM:75","252","65536","0","65536","0","0","0","0","MULTI_MAX_STATES","MULTI_MAX_STATES"
"010","168","2","4","B3","BOTTOM:92","269","65536","0","65536","0","0","0","0","MULTI_MAX_STATES","MULTI_MAX_STATES"
"010","169","2","4","B3","BOTTOM:93","270","65536","0","65536","0","0","0","0","MULTI_MAX_STATES","MULTI_MAX_STATES"
"010","170","2","4","B3","BOTTOM:94","271","65536","0","65536","0","0","0","0","MULTI_MAX_STATES","MULTI_MAX_STATES"
"010","171","2","4","B3","BOTTOM:95","272","65536","0","65536","0","0","0","0","MULTI_MAX_STATES","MULTI_MAX_STATES"
"010","172","2","4","B3","BOTTOM:96","273","65536","0","65536","0","0","0","0","MULTI_MAX_STATES","MULTI_MAX_STATES"
"010","173","2","4","B3","BOTTOM:97","274","65536","0","65536","0","0","0","0","MULTI_MAX_STATES","MULTI_MAX_STATES"
"010","174","2","4","B3","BOTTOM:98","275","65536","0","65536","0","0","0","0","MULTI_MAX_STATES","MULTI_MAX_STATES"
"010","175","2","4","B3","BOTTOM:99","276","65536","0","65536","0","0","0","0","MULTI_MAX_STATES","MULTI_MAX_STATES"
"010","176","2","4","B3","BOTTOM:119","296","65536","0","65536","0","0","0","0","MULTI_MAX_STATES","MULTI_MAX_STATES"
"010","177","2","4","B3","BOTTOM:133","310","65536","0","65536","0","0","0","0","MULTI_MAX_STATES","MULTI_MAX_STATES"
"010","178","3","0","B1","BOTTOM:60","237","0","3296","3296","2946","78","0","0","null","null"
"010","179","3","0","B1","BOTTOM:75","252","3296","3296","6592","2947","78","0","0","null","null"
"010","180","3","0","B1","BOTTOM:92","269","6592","3188","9780","2867","76","0","0","null","null"
"010","181","3","0","B1","BOTTOM:93","270","9780","3188","12968","2867","76","0","0","null","null"
"010","182","3","0","B1","BOTTOM:94","271","12968","3188","16156","2867","76","0","0","null","null"
"010","183","3","0","B1","BOTTOM:95","272","16156","3188","19344","2867","76","0","0","null","null"
"010","184","3","0","B1","BOTTOM:96","273","19344","3188","22532","2867","76","0","0","null","null"
"010","185","3","0","B1","BOTTOM:97","274","22532","3188","25720","2867","76","0","0","null","null"
"010","186","3","0","B1","BOTTOM:98","275","25720","3188","28908","2867","76","0","0","null","null"
"010","187","3","0","B1","BOTTOM:99","276","28908","3188","32096","2867","76","0","0","null","null"
"010","188","3","0","B1","BOTTOM:119","296","32096","2972","35068","2703","72","0","0","null","null"
"010","189","3","0","B1","BOTTOM:133","310","35068","2864","37932","2624","70","0","0","null","null"
"010","190","3","0","B1","BOTTOM:156","333","37932","2756","40688","2538","68","0","0","null","null"
"010","191","3","0","B1","BOTTOM:171","348","40688","2648","43336","2452","66","0","0","null","null"
"010","192","3","0","B1","BOTTOM:172","349","43336","2648","45984","2452","66","0","0","null","null"
"010","193","3","0","B1","BOTTOM:173","350","45984","2648","48632","2452","66","0","0","null","null"
"010","194","3","0","B1","BOTTOM:195","372","48632","2432","51064","2275","62","0","0","null","null"
"010","195","3","0","B1","BOTTOM:208","385","51064","2324","53388","2187","60","0","0","null","null"
"010","196","3","0","B1","BOTTOM:221","398","53388","2216","55604","2095","58","0","0","null","null"
"010","197","3","0","B1","BOTTOM:241","418","55604","2216","57820","2101","58","0","0","null","null"
"010","198","3","0","B1","BOTTOM:242","419","57820","2216","60036","2101","58","0","0","null","null"
"010","199","3","0","B1","BOTTOM:259","436","60036","2000","62036","1911","54","0","0","null","null"
"010","200","3","0","B1","BOTTOM:268","445","62036","1784","63820","1730","50","0","0","null","null"
"010","201","3","0","B1","BOTTOM:285","462","63820","1136","64956","1106","30","0","0","null","null"
"010","202","3","0","B1","BOTTOM:310","487","64956","580","65536","557","23","0","0","null","MULTI_MAX_STATES"
"010","203","3","0","B1","BOTTOM:311","488","65536","0","65536","0","0","0","0","MULTI_MAX_STATES","MULTI_MAX_STATES"
"010","204","3","0","B1","BOTTOM:312","489","65536","0","65536","0","0","0","0","MULTI_MAX_STATES","MULTI_MAX_STATES"
"010","205","3","0","B1","BOTTOM:313","490","65536","0","65536","0","0","0","0","MULTI_MAX_STATES","MULTI_MAX_STATES"
"010","206","3","0","B1","BOTTOM:314","491","65536","0","65536","0","0","0","0","MULTI_MAX_STATES","MULTI_MAX_STATES"
"010","207","3","0","B1","BOTTOM:315","492","65536","0","65536","0","0","0","0","MULTI_MAX_STATES","MULTI_MAX_STATES"
"010","208","3","0","B1","BOTTOM:316","493","65536","0","65536","0","0","0","0","MULTI_MAX_STATES","MULTI_MAX_STATES"
"010","209","3","0","B1","BOTTOM:344","521","65536","0","65536","0","0","0","0","MULTI_MAX_STATES","MULTI_MAX_STATES"
"010","210","3","0","B1","BOTTOM:366","543","65536","0","65536","0","0","0","0","MULTI_MAX_STATES","MULTI_MAX_STATES"
"010","211","3","0","B1","BOTTOM:386","563","65536","0","65536","0","0","0","0","MULTI_MAX_STATES","MULTI_MAX_STATES"
"010","212","3","0","B1","BOTTOM:412","589","65536","0","65536","0","0","0","0","MULTI_MAX_STATES","MULTI_MAX_STATES"
"010","213","3","1","T1","TOP:92","269","65536","0","65536","0","0","0","0","MULTI_MAX_STATES","MULTI_MAX_STATES"
"010","214","3","1","T1","TOP:114","291","65536","0","65536","0","0","0","0","MULTI_MAX_STATES","MULTI_MAX_STATES"
"010","215","3","1","T1","TOP:124","301","65536","0","65536","0","0","0","0","MULTI_MAX_STATES","MULTI_MAX_STATES"
"010","216","3","1","T1","TOP:139","316","65536","0","65536","0","0","0","0","MULTI_MAX_STATES","MULTI_MAX_STATES"
"010","217","3","1","T1","TOP:148","325","65536","0","65536","0","0","0","0","MULTI_MAX_STATES","MULTI_MAX_STATES"
"010","218","3","1","T1","TOP:164","341","65536","0","65536","0","0","0","0","MULTI_MAX_STATES","MULTI_MAX_STATES"
"010","219","3","1","T1","TOP:188","365","65536","0","65536","0","0","0","0","MULTI_MAX_STATES","MULTI_MAX_STATES"
"010","220","3","1","T1","TOP:200","377","65536","0","65536","0","0","0","0","MULTI_MAX_STATES","MULTI_MAX_STATES"
"010","221","3","1","T1","TOP:212","389","65536","0","65536","0","0","0","0","MULTI_MAX_STATES","MULTI_MAX_STATES"
"010","222","3","1","T1","TOP:226","403","65536","0","65536","0","0","0","0","MULTI_MAX_STATES","MULTI_MAX_STATES"
"010","223","3","1","T1","TOP:255","432","65536","0","65536","0","0","0","0","MULTI_MAX_STATES","MULTI_MAX_STATES"
"010","224","3","1","T1","TOP:265","442","65536","0","65536","0","0","0","0","MULTI_MAX_STATES","MULTI_MAX_STATES"
"010","225","3","1","T1","TOP:268","445","65536","0","65536","0","0","0","0","MULTI_MAX_STATES","MULTI_MAX_STATES"
"010","226","3","1","T1","TOP:269","446","65536","0","65536","0","0","0","0","MULTI_MAX_STATES","MULTI_MAX_STATES"
"010","227","3","1","T1","TOP:277","454","65536","0","65536","0","0","0","0","MULTI_MAX_STATES","MULTI_MAX_STATES"
"010","228","3","1","T1","TOP:289","466","65536","0","65536","0","0","0","0","MULTI_MAX_STATES","MULTI_MAX_STATES"
"010","229","3","1","T1","TOP:302","479","65536","0","65536","0","0","0","0","MULTI_MAX_STATES","MULTI_MAX_STATES"
"010","230","3","1","T1","TOP:324","501","65536","0","65536","0","0","0","0","MULTI_MAX_STATES","MULTI_MAX_STATES"
"010","231","3","1","T1","TOP:340","517","65536","0","65536","0","0","0","0","MULTI_MAX_STATES","MULTI_MAX_STATES"
"010","232","3","1","T1","TOP:354","531","65536","0","65536","0","0","0","0","MULTI_MAX_STATES","MULTI_MAX_STATES"
"010","233","3","1","T1","TOP:370","547","65536","0","65536","0","0","0","0","MULTI_MAX_STATES","MULTI_MAX_STATES"
"010","234","3","1","T1","TOP:411","588","65536","0","65536","0","0","0","0","MULTI_MAX_STATES","MULTI_MAX_STATES"
"010","235","3","2","B2","BOTTOM:0","177","65536","0","65536","0","0","0","0","MULTI_MAX_STATES","MULTI_MAX_STATES"
"010","236","3","2","B2","BOTTOM:1","178","65536","0","65536","0","0","0","0","MULTI_MAX_STATES","MULTI_MAX_STATES"
"010","237","3","2","B2","BOTTOM:2","179","65536","0","65536","0","0","0","0","MULTI_MAX_STATES","MULTI_MAX_STATES"
"010","238","3","2","B2","BOTTOM:3","180","65536","0","65536","0","0","0","0","MULTI_MAX_STATES","MULTI_MAX_STATES"
"010","239","3","2","B2","BOTTOM:4","181","65536","0","65536","0","0","0","0","MULTI_MAX_STATES","MULTI_MAX_STATES"
"010","240","3","2","B2","BOTTOM:5","182","65536","0","65536","0","0","0","0","MULTI_MAX_STATES","MULTI_MAX_STATES"
"010","241","3","2","B2","BOTTOM:6","183","65536","0","65536","0","0","0","0","MULTI_MAX_STATES","MULTI_MAX_STATES"
"010","242","3","2","B2","BOTTOM:7","184","65536","0","65536","0","0","0","0","MULTI_MAX_STATES","MULTI_MAX_STATES"
"010","243","3","2","B2","BOTTOM:8","185","65536","0","65536","0","0","0","0","MULTI_MAX_STATES","MULTI_MAX_STATES"
"010","244","3","2","B2","BOTTOM:9","186","65536","0","65536","0","0","0","0","MULTI_MAX_STATES","MULTI_MAX_STATES"
"010","245","3","2","B2","BOTTOM:10","187","65536","0","65536","0","0","0","0","MULTI_MAX_STATES","MULTI_MAX_STATES"
"010","246","3","2","B2","BOTTOM:11","188","65536","0","65536","0","0","0","0","MULTI_MAX_STATES","MULTI_MAX_STATES"
"010","247","3","2","B2","BOTTOM:12","189","65536","0","65536","0","0","0","0","MULTI_MAX_STATES","MULTI_MAX_STATES"
"010","248","3","2","B2","BOTTOM:13","190","65536","0","65536","0","0","0","0","MULTI_MAX_STATES","MULTI_MAX_STATES"
"010","249","3","2","B2","BOTTOM:14","191","65536","0","65536","0","0","0","0","MULTI_MAX_STATES","MULTI_MAX_STATES"
"010","250","3","2","B2","BOTTOM:15","192","65536","0","65536","0","0","0","0","MULTI_MAX_STATES","MULTI_MAX_STATES"
"010","251","3","2","B2","BOTTOM:16","193","65536","0","65536","0","0","0","0","MULTI_MAX_STATES","MULTI_MAX_STATES"
"010","252","3","2","B2","BOTTOM:17","194","65536","0","65536","0","0","0","0","MULTI_MAX_STATES","MULTI_MAX_STATES"
"010","253","3","2","B2","BOTTOM:40","217","65536","0","65536","0","0","0","0","MULTI_MAX_STATES","MULTI_MAX_STATES"
"010","254","3","2","B2","BOTTOM:133","310","65536","0","65536","0","0","0","0","MULTI_MAX_STATES","MULTI_MAX_STATES"
"010","255","3","2","B2","BOTTOM:156","333","65536","0","65536","0","0","0","0","MULTI_MAX_STATES","MULTI_MAX_STATES"
"010","256","3","2","B2","BOTTOM:171","348","65536","0","65536","0","0","0","0","MULTI_MAX_STATES","MULTI_MAX_STATES"
"010","257","3","2","B2","BOTTOM:172","349","65536","0","65536","0","0","0","0","MULTI_MAX_STATES","MULTI_MAX_STATES"
"010","258","3","2","B2","BOTTOM:173","350","65536","0","65536","0","0","0","0","MULTI_MAX_STATES","MULTI_MAX_STATES"
"010","259","3","2","B2","BOTTOM:195","372","65536","0","65536","0","0","0","0","MULTI_MAX_STATES","MULTI_MAX_STATES"
"010","260","3","2","B2","BOTTOM:208","385","65536","0","65536","0","0","0","0","MULTI_MAX_STATES","MULTI_MAX_STATES"
"010","261","3","2","B2","BOTTOM:221","398","65536","0","65536","0","0","0","0","MULTI_MAX_STATES","MULTI_MAX_STATES"
"010","262","3","2","B2","BOTTOM:241","418","65536","0","65536","0","0","0","0","MULTI_MAX_STATES","MULTI_MAX_STATES"
"010","263","3","2","B2","BOTTOM:242","419","65536","0","65536","0","0","0","0","MULTI_MAX_STATES","MULTI_MAX_STATES"
"010","264","3","2","B2","BOTTOM:259","436","65536","0","65536","0","0","0","0","MULTI_MAX_STATES","MULTI_MAX_STATES"
"010","265","3","2","B2","BOTTOM:268","445","65536","0","65536","0","0","0","0","MULTI_MAX_STATES","MULTI_MAX_STATES"
"010","266","3","2","B2","BOTTOM:285","462","65536","0","65536","0","0","0","0","MULTI_MAX_STATES","MULTI_MAX_STATES"
"010","267","3","2","B2","BOTTOM:310","487","65536","0","65536","0","0","0","0","MULTI_MAX_STATES","MULTI_MAX_STATES"
"010","268","3","2","B2","BOTTOM:311","488","65536","0","65536","0","0","0","0","MULTI_MAX_STATES","MULTI_MAX_STATES"
"010","269","3","2","B2","BOTTOM:312","489","65536","0","65536","0","0","0","0","MULTI_MAX_STATES","MULTI_MAX_STATES"
"010","270","3","2","B2","BOTTOM:313","490","65536","0","65536","0","0","0","0","MULTI_MAX_STATES","MULTI_MAX_STATES"
"010","271","3","2","B2","BOTTOM:314","491","65536","0","65536","0","0","0","0","MULTI_MAX_STATES","MULTI_MAX_STATES"
"010","272","3","2","B2","BOTTOM:315","492","65536","0","65536","0","0","0","0","MULTI_MAX_STATES","MULTI_MAX_STATES"
"010","273","3","2","B2","BOTTOM:316","493","65536","0","65536","0","0","0","0","MULTI_MAX_STATES","MULTI_MAX_STATES"
"010","274","3","2","B2","BOTTOM:344","521","65536","0","65536","0","0","0","0","MULTI_MAX_STATES","MULTI_MAX_STATES"
"010","275","3","2","B2","BOTTOM:366","543","65536","0","65536","0","0","0","0","MULTI_MAX_STATES","MULTI_MAX_STATES"
"010","276","3","2","B2","BOTTOM:386","563","65536","0","65536","0","0","0","0","MULTI_MAX_STATES","MULTI_MAX_STATES"
"010","277","3","2","B2","BOTTOM:412","589","65536","0","65536","0","0","0","0","MULTI_MAX_STATES","MULTI_MAX_STATES"
"010","278","3","3","T2","TOP:27","204","65536","0","65536","0","0","0","0","MULTI_MAX_STATES","MULTI_MAX_STATES"
"010","279","3","3","T2","TOP:44","221","65536","0","65536","0","0","0","0","MULTI_MAX_STATES","MULTI_MAX_STATES"
"010","280","3","3","T2","TOP:45","222","65536","0","65536","0","0","0","0","MULTI_MAX_STATES","MULTI_MAX_STATES"
"010","281","3","3","T2","TOP:56","233","65536","0","65536","0","0","0","0","MULTI_MAX_STATES","MULTI_MAX_STATES"
"010","282","3","3","T2","TOP:66","243","65536","0","65536","0","0","0","0","MULTI_MAX_STATES","MULTI_MAX_STATES"
"010","283","3","3","T2","TOP:226","403","65536","0","65536","0","0","0","0","MULTI_MAX_STATES","MULTI_MAX_STATES"
"010","284","3","3","T2","TOP:255","432","65536","0","65536","0","0","0","0","MULTI_MAX_STATES","MULTI_MAX_STATES"
"010","285","3","3","T2","TOP:265","442","65536","0","65536","0","0","0","0","MULTI_MAX_STATES","MULTI_MAX_STATES"
"010","286","3","3","T2","TOP:268","445","65536","0","65536","0","0","0","0","MULTI_MAX_STATES","MULTI_MAX_STATES"
"010","287","3","3","T2","TOP:269","446","65536","0","65536","0","0","0","0","MULTI_MAX_STATES","MULTI_MAX_STATES"
"010","288","3","3","T2","TOP:277","454","65536","0","65536","0","0","0","0","MULTI_MAX_STATES","MULTI_MAX_STATES"
"010","289","3","3","T2","TOP:289","466","65536","0","65536","0","0","0","0","MULTI_MAX_STATES","MULTI_MAX_STATES"
"010","290","3","3","T2","TOP:302","479","65536","0","65536","0","0","0","0","MULTI_MAX_STATES","MULTI_MAX_STATES"
"010","291","3","3","T2","TOP:324","501","65536","0","65536","0","0","0","0","MULTI_MAX_STATES","MULTI_MAX_STATES"
"010","292","3","3","T2","TOP:340","517","65536","0","65536","0","0","0","0","MULTI_MAX_STATES","MULTI_MAX_STATES"
"010","293","3","3","T2","TOP:354","531","65536","0","65536","0","0","0","0","MULTI_MAX_STATES","MULTI_MAX_STATES"
"010","294","3","3","T2","TOP:370","547","65536","0","65536","0","0","0","0","MULTI_MAX_STATES","MULTI_MAX_STATES"
"010","295","3","3","T2","TOP:411","588","65536","0","65536","0","0","0","0","MULTI_MAX_STATES","MULTI_MAX_STATES"
"010","296","3","4","B3","BOTTOM:0","177","65536","0","65536","0","0","0","0","MULTI_MAX_STATES","MULTI_MAX_STATES"
"010","297","3","4","B3","BOTTOM:1","178","65536","0","65536","0","0","0","0","MULTI_MAX_STATES","MULTI_MAX_STATES"
"010","298","3","4","B3","BOTTOM:2","179","65536","0","65536","0","0","0","0","MULTI_MAX_STATES","MULTI_MAX_STATES"
"010","299","3","4","B3","BOTTOM:3","180","65536","0","65536","0","0","0","0","MULTI_MAX_STATES","MULTI_MAX_STATES"
"010","300","3","4","B3","BOTTOM:4","181","65536","0","65536","0","0","0","0","MULTI_MAX_STATES","MULTI_MAX_STATES"
"010","301","3","4","B3","BOTTOM:5","182","65536","0","65536","0","0","0","0","MULTI_MAX_STATES","MULTI_MAX_STATES"
"010","302","3","4","B3","BOTTOM:6","183","65536","0","65536","0","0","0","0","MULTI_MAX_STATES","MULTI_MAX_STATES"
"010","303","3","4","B3","BOTTOM:7","184","65536","0","65536","0","0","0","0","MULTI_MAX_STATES","MULTI_MAX_STATES"
"010","304","3","4","B3","BOTTOM:8","185","65536","0","65536","0","0","0","0","MULTI_MAX_STATES","MULTI_MAX_STATES"
"010","305","3","4","B3","BOTTOM:9","186","65536","0","65536","0","0","0","0","MULTI_MAX_STATES","MULTI_MAX_STATES"
"010","306","3","4","B3","BOTTOM:10","187","65536","0","65536","0","0","0","0","MULTI_MAX_STATES","MULTI_MAX_STATES"
"010","307","3","4","B3","BOTTOM:11","188","65536","0","65536","0","0","0","0","MULTI_MAX_STATES","MULTI_MAX_STATES"
"010","308","3","4","B3","BOTTOM:12","189","65536","0","65536","0","0","0","0","MULTI_MAX_STATES","MULTI_MAX_STATES"
"010","309","3","4","B3","BOTTOM:13","190","65536","0","65536","0","0","0","0","MULTI_MAX_STATES","MULTI_MAX_STATES"
"010","310","3","4","B3","BOTTOM:14","191","65536","0","65536","0","0","0","0","MULTI_MAX_STATES","MULTI_MAX_STATES"
"010","311","3","4","B3","BOTTOM:15","192","65536","0","65536","0","0","0","0","MULTI_MAX_STATES","MULTI_MAX_STATES"
"010","312","3","4","B3","BOTTOM:16","193","65536","0","65536","0","0","0","0","MULTI_MAX_STATES","MULTI_MAX_STATES"
"010","313","3","4","B3","BOTTOM:17","194","65536","0","65536","0","0","0","0","MULTI_MAX_STATES","MULTI_MAX_STATES"
"010","314","3","4","B3","BOTTOM:40","217","65536","0","65536","0","0","0","0","MULTI_MAX_STATES","MULTI_MAX_STATES"
"010","315","3","4","B3","BOTTOM:60","237","65536","0","65536","0","0","0","0","MULTI_MAX_STATES","MULTI_MAX_STATES"
"010","316","3","4","B3","BOTTOM:75","252","65536","0","65536","0","0","0","0","MULTI_MAX_STATES","MULTI_MAX_STATES"
"010","317","3","4","B3","BOTTOM:92","269","65536","0","65536","0","0","0","0","MULTI_MAX_STATES","MULTI_MAX_STATES"
"010","318","3","4","B3","BOTTOM:93","270","65536","0","65536","0","0","0","0","MULTI_MAX_STATES","MULTI_MAX_STATES"
"010","319","3","4","B3","BOTTOM:94","271","65536","0","65536","0","0","0","0","MULTI_MAX_STATES","MULTI_MAX_STATES"
"010","320","3","4","B3","BOTTOM:95","272","65536","0","65536","0","0","0","0","MULTI_MAX_STATES","MULTI_MAX_STATES"
"010","321","3","4","B3","BOTTOM:96","273","65536","0","65536","0","0","0","0","MULTI_MAX_STATES","MULTI_MAX_STATES"
"010","322","3","4","B3","BOTTOM:97","274","65536","0","65536","0","0","0","0","MULTI_MAX_STATES","MULTI_MAX_STATES"
"010","323","3","4","B3","BOTTOM:98","275","65536","0","65536","0","0","0","0","MULTI_MAX_STATES","MULTI_MAX_STATES"
"010","324","3","4","B3","BOTTOM:99","276","65536","0","65536","0","0","0","0","MULTI_MAX_STATES","MULTI_MAX_STATES"
"010","325","3","4","B3","BOTTOM:119","296","65536","0","65536","0","0","0","0","MULTI_MAX_STATES","MULTI_MAX_STATES"
"010","326","3","4","B3","BOTTOM:133","310","65536","0","65536","0","0","0","0","MULTI_MAX_STATES","MULTI_MAX_STATES"
"010","327","3","4","B3","BOTTOM:241","418","65536","0","65536","0","0","0","0","MULTI_MAX_STATES","MULTI_MAX_STATES"
"010","328","3","4","B3","BOTTOM:242","419","65536","0","65536","0","0","0","0","MULTI_MAX_STATES","MULTI_MAX_STATES"
"010","329","3","4","B3","BOTTOM:259","436","65536","0","65536","0","0","0","0","MULTI_MAX_STATES","MULTI_MAX_STATES"
"010","330","3","4","B3","BOTTOM:268","445","65536","0","65536","0","0","0","0","MULTI_MAX_STATES","MULTI_MAX_STATES"
"010","331","3","4","B3","BOTTOM:285","462","65536","0","65536","0","0","0","0","MULTI_MAX_STATES","MULTI_MAX_STATES"
"010","332","3","4","B3","BOTTOM:310","487","65536","0","65536","0","0","0","0","MULTI_MAX_STATES","MULTI_MAX_STATES"
"010","333","3","4","B3","BOTTOM:311","488","65536","0","65536","0","0","0","0","MULTI_MAX_STATES","MULTI_MAX_STATES"
"010","334","3","4","B3","BOTTOM:312","489","65536","0","65536","0","0","0","0","MULTI_MAX_STATES","MULTI_MAX_STATES"
"010","335","3","4","B3","BOTTOM:313","490","65536","0","65536","0","0","0","0","MULTI_MAX_STATES","MULTI_MAX_STATES"
"010","336","3","4","B3","BOTTOM:314","491","65536","0","65536","0","0","0","0","MULTI_MAX_STATES","MULTI_MAX_STATES"
"010","337","3","4","B3","BOTTOM:315","492","65536","0","65536","0","0","0","0","MULTI_MAX_STATES","MULTI_MAX_STATES"
"010","338","3","4","B3","BOTTOM:316","493","65536","0","65536","0","0","0","0","MULTI_MAX_STATES","MULTI_MAX_STATES"
"010","339","3","4","B3","BOTTOM:344","521","65536","0","65536","0","0","0","0","MULTI_MAX_STATES","MULTI_MAX_STATES"
"010","340","3","4","B3","BOTTOM:366","543","65536","0","65536","0","0","0","0","MULTI_MAX_STATES","MULTI_MAX_STATES"
"010","341","3","4","B3","BOTTOM:386","563","65536","0","65536","0","0","0","0","MULTI_MAX_STATES","MULTI_MAX_STATES"
"010","342","3","4","B3","BOTTOM:412","589","65536","0","65536","0","0","0","0","MULTI_MAX_STATES","MULTI_MAX_STATES"
"010","343","3","5","T3","TOP:27","204","65536","0","65536","0","0","0","0","MULTI_MAX_STATES","MULTI_MAX_STATES"
"010","344","3","5","T3","TOP:44","221","65536","0","65536","0","0","0","0","MULTI_MAX_STATES","MULTI_MAX_STATES"
"010","345","3","5","T3","TOP:45","222","65536","0","65536","0","0","0","0","MULTI_MAX_STATES","MULTI_MAX_STATES"
"010","346","3","5","T3","TOP:56","233","65536","0","65536","0","0","0","0","MULTI_MAX_STATES","MULTI_MAX_STATES"
"010","347","3","5","T3","TOP:66","243","65536","0","65536","0","0","0","0","MULTI_MAX_STATES","MULTI_MAX_STATES"
"010","348","3","5","T3","TOP:92","269","65536","0","65536","0","0","0","0","MULTI_MAX_STATES","MULTI_MAX_STATES"
"010","349","3","5","T3","TOP:114","291","65536","0","65536","0","0","0","0","MULTI_MAX_STATES","MULTI_MAX_STATES"
"010","350","3","5","T3","TOP:124","301","65536","0","65536","0","0","0","0","MULTI_MAX_STATES","MULTI_MAX_STATES"
"010","351","3","5","T3","TOP:139","316","65536","0","65536","0","0","0","0","MULTI_MAX_STATES","MULTI_MAX_STATES"
"010","352","3","5","T3","TOP:148","325","65536","0","65536","0","0","0","0","MULTI_MAX_STATES","MULTI_MAX_STATES"
"010","353","3","5","T3","TOP:411","588","65536","0","65536","0","0","0","0","MULTI_MAX_STATES","MULTI_MAX_STATES"
"010","354","3","6","B4","BOTTOM:0","177","65536","0","65536","0","0","0","0","MULTI_MAX_STATES","MULTI_MAX_STATES"
"010","355","3","6","B4","BOTTOM:1","178","65536","0","65536","0","0","0","0","MULTI_MAX_STATES","MULTI_MAX_STATES"
"010","356","3","6","B4","BOTTOM:2","179","65536","0","65536","0","0","0","0","MULTI_MAX_STATES","MULTI_MAX_STATES"
"010","357","3","6","B4","BOTTOM:3","180","65536","0","65536","0","0","0","0","MULTI_MAX_STATES","MULTI_MAX_STATES"
"010","358","3","6","B4","BOTTOM:4","181","65536","0","65536","0","0","0","0","MULTI_MAX_STATES","MULTI_MAX_STATES"
"010","359","3","6","B4","BOTTOM:5","182","65536","0","65536","0","0","0","0","MULTI_MAX_STATES","MULTI_MAX_STATES"
"010","360","3","6","B4","BOTTOM:6","183","65536","0","65536","0","0","0","0","MULTI_MAX_STATES","MULTI_MAX_STATES"
"010","361","3","6","B4","BOTTOM:7","184","65536","0","65536","0","0","0","0","MULTI_MAX_STATES","MULTI_MAX_STATES"
"010","362","3","6","B4","BOTTOM:8","185","65536","0","65536","0","0","0","0","MULTI_MAX_STATES","MULTI_MAX_STATES"
"010","363","3","6","B4","BOTTOM:9","186","65536","0","65536","0","0","0","0","MULTI_MAX_STATES","MULTI_MAX_STATES"
"010","364","3","6","B4","BOTTOM:10","187","65536","0","65536","0","0","0","0","MULTI_MAX_STATES","MULTI_MAX_STATES"
"010","365","3","6","B4","BOTTOM:11","188","65536","0","65536","0","0","0","0","MULTI_MAX_STATES","MULTI_MAX_STATES"
"010","366","3","6","B4","BOTTOM:12","189","65536","0","65536","0","0","0","0","MULTI_MAX_STATES","MULTI_MAX_STATES"
"010","367","3","6","B4","BOTTOM:13","190","65536","0","65536","0","0","0","0","MULTI_MAX_STATES","MULTI_MAX_STATES"
"010","368","3","6","B4","BOTTOM:14","191","65536","0","65536","0","0","0","0","MULTI_MAX_STATES","MULTI_MAX_STATES"
"010","369","3","6","B4","BOTTOM:15","192","65536","0","65536","0","0","0","0","MULTI_MAX_STATES","MULTI_MAX_STATES"
"010","370","3","6","B4","BOTTOM:16","193","65536","0","65536","0","0","0","0","MULTI_MAX_STATES","MULTI_MAX_STATES"
"010","371","3","6","B4","BOTTOM:17","194","65536","0","65536","0","0","0","0","MULTI_MAX_STATES","MULTI_MAX_STATES"
"010","372","3","6","B4","BOTTOM:40","217","65536","0","65536","0","0","0","0","MULTI_MAX_STATES","MULTI_MAX_STATES"
"010","373","3","6","B4","BOTTOM:60","237","65536","0","65536","0","0","0","0","MULTI_MAX_STATES","MULTI_MAX_STATES"
"010","374","3","6","B4","BOTTOM:75","252","65536","0","65536","0","0","0","0","MULTI_MAX_STATES","MULTI_MAX_STATES"
"010","375","3","6","B4","BOTTOM:92","269","65536","0","65536","0","0","0","0","MULTI_MAX_STATES","MULTI_MAX_STATES"
"010","376","3","6","B4","BOTTOM:93","270","65536","0","65536","0","0","0","0","MULTI_MAX_STATES","MULTI_MAX_STATES"
"010","377","3","6","B4","BOTTOM:94","271","65536","0","65536","0","0","0","0","MULTI_MAX_STATES","MULTI_MAX_STATES"
"010","378","3","6","B4","BOTTOM:95","272","65536","0","65536","0","0","0","0","MULTI_MAX_STATES","MULTI_MAX_STATES"
"010","379","3","6","B4","BOTTOM:96","273","65536","0","65536","0","0","0","0","MULTI_MAX_STATES","MULTI_MAX_STATES"
"010","380","3","6","B4","BOTTOM:97","274","65536","0","65536","0","0","0","0","MULTI_MAX_STATES","MULTI_MAX_STATES"
"010","381","3","6","B4","BOTTOM:98","275","65536","0","65536","0","0","0","0","MULTI_MAX_STATES","MULTI_MAX_STATES"
"010","382","3","6","B4","BOTTOM:99","276","65536","0","65536","0","0","0","0","MULTI_MAX_STATES","MULTI_MAX_STATES"
"010","383","3","6","B4","BOTTOM:119","296","65536","0","65536","0","0","0","0","MULTI_MAX_STATES","MULTI_MAX_STATES"
"010","384","3","6","B4","BOTTOM:133","310","65536","0","65536","0","0","0","0","MULTI_MAX_STATES","MULTI_MAX_STATES"
"010","385","3","6","B4","BOTTOM:156","333","65536","0","65536","0","0","0","0","MULTI_MAX_STATES","MULTI_MAX_STATES"
"010","386","3","6","B4","BOTTOM:171","348","65536","0","65536","0","0","0","0","MULTI_MAX_STATES","MULTI_MAX_STATES"
"010","387","3","6","B4","BOTTOM:172","349","65536","0","65536","0","0","0","0","MULTI_MAX_STATES","MULTI_MAX_STATES"
"010","388","3","6","B4","BOTTOM:173","350","65536","0","65536","0","0","0","0","MULTI_MAX_STATES","MULTI_MAX_STATES"
"010","389","3","6","B4","BOTTOM:195","372","65536","0","65536","0","0","0","0","MULTI_MAX_STATES","MULTI_MAX_STATES"
"010","390","3","6","B4","BOTTOM:208","385","65536","0","65536","0","0","0","0","MULTI_MAX_STATES","MULTI_MAX_STATES"
"010","391","4","0","B1","BOTTOM:60","237","0","3296","3296","2946","78","0","0","null","null"
"010","392","4","0","B1","BOTTOM:75","252","3296","3296","6592","2947","78","0","0","null","null"
"010","393","4","0","B1","BOTTOM:92","269","6592","3188","9780","2867","76","0","0","null","null"
"010","394","4","0","B1","BOTTOM:93","270","9780","3188","12968","2867","76","0","0","null","null"
"010","395","4","0","B1","BOTTOM:94","271","12968","3188","16156","2867","76","0","0","null","null"
"010","396","4","0","B1","BOTTOM:95","272","16156","3188","19344","2867","76","0","0","null","null"
"010","397","4","0","B1","BOTTOM:96","273","19344","3188","22532","2867","76","0","0","null","null"
"010","398","4","0","B1","BOTTOM:97","274","22532","3188","25720","2867","76","0","0","null","null"
"010","399","4","0","B1","BOTTOM:98","275","25720","3188","28908","2867","76","0","0","null","null"
"010","400","4","0","B1","BOTTOM:99","276","28908","3188","32096","2867","76","0","0","null","null"
"010","401","4","0","B1","BOTTOM:119","296","32096","2972","35068","2703","72","0","0","null","null"
"010","402","4","0","B1","BOTTOM:133","310","35068","2864","37932","2624","70","0","0","null","null"
"010","403","4","0","B1","BOTTOM:156","333","37932","2756","40688","2538","68","0","0","null","null"
"010","404","4","0","B1","BOTTOM:171","348","40688","2648","43336","2452","66","0","0","null","null"
"010","405","4","0","B1","BOTTOM:172","349","43336","2648","45984","2452","66","0","0","null","null"
"010","406","4","0","B1","BOTTOM:173","350","45984","2648","48632","2452","66","0","0","null","null"
"010","407","4","0","B1","BOTTOM:195","372","48632","2432","51064","2275","62","0","0","null","null"
"010","408","4","0","B1","BOTTOM:208","385","51064","2324","53388","2187","60","0","0","null","null"
"010","409","4","0","B1","BOTTOM:221","398","53388","2216","55604","2095","58","0","0","null","null"
"010","410","4","0","B1","BOTTOM:241","418","55604","2216","57820","2101","58","0","0","null","null"
"010","411","4","0","B1","BOTTOM:242","419","57820","2216","60036","2101","58","0","0","null","null"
"010","412","4","0","B1","BOTTOM:259","436","60036","2000","62036","1911","54","0","0","null","null"
"010","413","4","0","B1","BOTTOM:268","445","62036","1784","63820","1730","50","0","0","null","null"
"010","414","4","0","B1","BOTTOM:285","462","63820","1136","64956","1106","30","0","0","null","null"
"010","415","4","0","B1","BOTTOM:310","487","64956","580","65536","557","23","0","0","null","MULTI_MAX_STATES"
"010","416","4","0","B1","BOTTOM:311","488","65536","0","65536","0","0","0","0","MULTI_MAX_STATES","MULTI_MAX_STATES"
"010","417","4","0","B1","BOTTOM:312","489","65536","0","65536","0","0","0","0","MULTI_MAX_STATES","MULTI_MAX_STATES"
"010","418","4","0","B1","BOTTOM:313","490","65536","0","65536","0","0","0","0","MULTI_MAX_STATES","MULTI_MAX_STATES"
"010","419","4","0","B1","BOTTOM:314","491","65536","0","65536","0","0","0","0","MULTI_MAX_STATES","MULTI_MAX_STATES"
"010","420","4","0","B1","BOTTOM:315","492","65536","0","65536","0","0","0","0","MULTI_MAX_STATES","MULTI_MAX_STATES"
"010","421","4","0","B1","BOTTOM:316","493","65536","0","65536","0","0","0","0","MULTI_MAX_STATES","MULTI_MAX_STATES"
"010","422","4","0","B1","BOTTOM:344","521","65536","0","65536","0","0","0","0","MULTI_MAX_STATES","MULTI_MAX_STATES"
"010","423","4","0","B1","BOTTOM:366","543","65536","0","65536","0","0","0","0","MULTI_MAX_STATES","MULTI_MAX_STATES"
"010","424","4","0","B1","BOTTOM:386","563","65536","0","65536","0","0","0","0","MULTI_MAX_STATES","MULTI_MAX_STATES"
"010","425","4","0","B1","BOTTOM:412","589","65536","0","65536","0","0","0","0","MULTI_MAX_STATES","MULTI_MAX_STATES"
"010","426","4","1","T1","TOP:92","269","65536","0","65536","0","0","0","0","MULTI_MAX_STATES","MULTI_MAX_STATES"
"010","427","4","1","T1","TOP:114","291","65536","0","65536","0","0","0","0","MULTI_MAX_STATES","MULTI_MAX_STATES"
"010","428","4","1","T1","TOP:124","301","65536","0","65536","0","0","0","0","MULTI_MAX_STATES","MULTI_MAX_STATES"
"010","429","4","1","T1","TOP:139","316","65536","0","65536","0","0","0","0","MULTI_MAX_STATES","MULTI_MAX_STATES"
"010","430","4","1","T1","TOP:148","325","65536","0","65536","0","0","0","0","MULTI_MAX_STATES","MULTI_MAX_STATES"
"010","431","4","1","T1","TOP:164","341","65536","0","65536","0","0","0","0","MULTI_MAX_STATES","MULTI_MAX_STATES"
"010","432","4","1","T1","TOP:188","365","65536","0","65536","0","0","0","0","MULTI_MAX_STATES","MULTI_MAX_STATES"
"010","433","4","1","T1","TOP:200","377","65536","0","65536","0","0","0","0","MULTI_MAX_STATES","MULTI_MAX_STATES"
"010","434","4","1","T1","TOP:212","389","65536","0","65536","0","0","0","0","MULTI_MAX_STATES","MULTI_MAX_STATES"
"010","435","4","1","T1","TOP:226","403","65536","0","65536","0","0","0","0","MULTI_MAX_STATES","MULTI_MAX_STATES"
"010","436","4","1","T1","TOP:255","432","65536","0","65536","0","0","0","0","MULTI_MAX_STATES","MULTI_MAX_STATES"
"010","437","4","1","T1","TOP:265","442","65536","0","65536","0","0","0","0","MULTI_MAX_STATES","MULTI_MAX_STATES"
"010","438","4","1","T1","TOP:268","445","65536","0","65536","0","0","0","0","MULTI_MAX_STATES","MULTI_MAX_STATES"
"010","439","4","1","T1","TOP:269","446","65536","0","65536","0","0","0","0","MULTI_MAX_STATES","MULTI_MAX_STATES"
"010","440","4","1","T1","TOP:277","454","65536","0","65536","0","0","0","0","MULTI_MAX_STATES","MULTI_MAX_STATES"
"010","441","4","1","T1","TOP:289","466","65536","0","65536","0","0","0","0","MULTI_MAX_STATES","MULTI_MAX_STATES"
"010","442","4","1","T1","TOP:302","479","65536","0","65536","0","0","0","0","MULTI_MAX_STATES","MULTI_MAX_STATES"
"010","443","4","1","T1","TOP:324","501","65536","0","65536","0","0","0","0","MULTI_MAX_STATES","MULTI_MAX_STATES"
"010","444","4","1","T1","TOP:340","517","65536","0","65536","0","0","0","0","MULTI_MAX_STATES","MULTI_MAX_STATES"
"010","445","4","1","T1","TOP:354","531","65536","0","65536","0","0","0","0","MULTI_MAX_STATES","MULTI_MAX_STATES"
"010","446","4","1","T1","TOP:370","547","65536","0","65536","0","0","0","0","MULTI_MAX_STATES","MULTI_MAX_STATES"
"010","447","4","1","T1","TOP:411","588","65536","0","65536","0","0","0","0","MULTI_MAX_STATES","MULTI_MAX_STATES"
"010","448","4","2","B2","BOTTOM:0","177","65536","0","65536","0","0","0","0","MULTI_MAX_STATES","MULTI_MAX_STATES"
"010","449","4","2","B2","BOTTOM:1","178","65536","0","65536","0","0","0","0","MULTI_MAX_STATES","MULTI_MAX_STATES"
"010","450","4","2","B2","BOTTOM:2","179","65536","0","65536","0","0","0","0","MULTI_MAX_STATES","MULTI_MAX_STATES"
"010","451","4","2","B2","BOTTOM:3","180","65536","0","65536","0","0","0","0","MULTI_MAX_STATES","MULTI_MAX_STATES"
"010","452","4","2","B2","BOTTOM:4","181","65536","0","65536","0","0","0","0","MULTI_MAX_STATES","MULTI_MAX_STATES"
"010","453","4","2","B2","BOTTOM:5","182","65536","0","65536","0","0","0","0","MULTI_MAX_STATES","MULTI_MAX_STATES"
"010","454","4","2","B2","BOTTOM:6","183","65536","0","65536","0","0","0","0","MULTI_MAX_STATES","MULTI_MAX_STATES"
"010","455","4","2","B2","BOTTOM:7","184","65536","0","65536","0","0","0","0","MULTI_MAX_STATES","MULTI_MAX_STATES"
"010","456","4","2","B2","BOTTOM:8","185","65536","0","65536","0","0","0","0","MULTI_MAX_STATES","MULTI_MAX_STATES"
"010","457","4","2","B2","BOTTOM:9","186","65536","0","65536","0","0","0","0","MULTI_MAX_STATES","MULTI_MAX_STATES"
"010","458","4","2","B2","BOTTOM:10","187","65536","0","65536","0","0","0","0","MULTI_MAX_STATES","MULTI_MAX_STATES"
"010","459","4","2","B2","BOTTOM:11","188","65536","0","65536","0","0","0","0","MULTI_MAX_STATES","MULTI_MAX_STATES"
"010","460","4","2","B2","BOTTOM:12","189","65536","0","65536","0","0","0","0","MULTI_MAX_STATES","MULTI_MAX_STATES"
"010","461","4","2","B2","BOTTOM:13","190","65536","0","65536","0","0","0","0","MULTI_MAX_STATES","MULTI_MAX_STATES"
"010","462","4","2","B2","BOTTOM:14","191","65536","0","65536","0","0","0","0","MULTI_MAX_STATES","MULTI_MAX_STATES"
"010","463","4","2","B2","BOTTOM:15","192","65536","0","65536","0","0","0","0","MULTI_MAX_STATES","MULTI_MAX_STATES"
"010","464","4","2","B2","BOTTOM:16","193","65536","0","65536","0","0","0","0","MULTI_MAX_STATES","MULTI_MAX_STATES"
"010","465","4","2","B2","BOTTOM:17","194","65536","0","65536","0","0","0","0","MULTI_MAX_STATES","MULTI_MAX_STATES"
"010","466","4","2","B2","BOTTOM:40","217","65536","0","65536","0","0","0","0","MULTI_MAX_STATES","MULTI_MAX_STATES"
"010","467","4","2","B2","BOTTOM:133","310","65536","0","65536","0","0","0","0","MULTI_MAX_STATES","MULTI_MAX_STATES"
"010","468","4","2","B2","BOTTOM:156","333","65536","0","65536","0","0","0","0","MULTI_MAX_STATES","MULTI_MAX_STATES"
"010","469","4","2","B2","BOTTOM:171","348","65536","0","65536","0","0","0","0","MULTI_MAX_STATES","MULTI_MAX_STATES"
"010","470","4","2","B2","BOTTOM:172","349","65536","0","65536","0","0","0","0","MULTI_MAX_STATES","MULTI_MAX_STATES"
"010","471","4","2","B2","BOTTOM:173","350","65536","0","65536","0","0","0","0","MULTI_MAX_STATES","MULTI_MAX_STATES"
"010","472","4","2","B2","BOTTOM:195","372","65536","0","65536","0","0","0","0","MULTI_MAX_STATES","MULTI_MAX_STATES"
"010","473","4","2","B2","BOTTOM:208","385","65536","0","65536","0","0","0","0","MULTI_MAX_STATES","MULTI_MAX_STATES"
"010","474","4","2","B2","BOTTOM:221","398","65536","0","65536","0","0","0","0","MULTI_MAX_STATES","MULTI_MAX_STATES"
"010","475","4","2","B2","BOTTOM:241","418","65536","0","65536","0","0","0","0","MULTI_MAX_STATES","MULTI_MAX_STATES"
"010","476","4","2","B2","BOTTOM:242","419","65536","0","65536","0","0","0","0","MULTI_MAX_STATES","MULTI_MAX_STATES"
"010","477","4","2","B2","BOTTOM:259","436","65536","0","65536","0","0","0","0","MULTI_MAX_STATES","MULTI_MAX_STATES"
"010","478","4","2","B2","BOTTOM:268","445","65536","0","65536","0","0","0","0","MULTI_MAX_STATES","MULTI_MAX_STATES"
"010","479","4","2","B2","BOTTOM:285","462","65536","0","65536","0","0","0","0","MULTI_MAX_STATES","MULTI_MAX_STATES"
"010","480","4","2","B2","BOTTOM:310","487","65536","0","65536","0","0","0","0","MULTI_MAX_STATES","MULTI_MAX_STATES"
"010","481","4","2","B2","BOTTOM:311","488","65536","0","65536","0","0","0","0","MULTI_MAX_STATES","MULTI_MAX_STATES"
"010","482","4","2","B2","BOTTOM:312","489","65536","0","65536","0","0","0","0","MULTI_MAX_STATES","MULTI_MAX_STATES"
"010","483","4","2","B2","BOTTOM:313","490","65536","0","65536","0","0","0","0","MULTI_MAX_STATES","MULTI_MAX_STATES"
"010","484","4","2","B2","BOTTOM:314","491","65536","0","65536","0","0","0","0","MULTI_MAX_STATES","MULTI_MAX_STATES"
"010","485","4","2","B2","BOTTOM:315","492","65536","0","65536","0","0","0","0","MULTI_MAX_STATES","MULTI_MAX_STATES"
"010","486","4","2","B2","BOTTOM:316","493","65536","0","65536","0","0","0","0","MULTI_MAX_STATES","MULTI_MAX_STATES"
"010","487","4","2","B2","BOTTOM:344","521","65536","0","65536","0","0","0","0","MULTI_MAX_STATES","MULTI_MAX_STATES"
"010","488","4","2","B2","BOTTOM:366","543","65536","0","65536","0","0","0","0","MULTI_MAX_STATES","MULTI_MAX_STATES"
"010","489","4","2","B2","BOTTOM:386","563","65536","0","65536","0","0","0","0","MULTI_MAX_STATES","MULTI_MAX_STATES"
"010","490","4","2","B2","BOTTOM:412","589","65536","0","65536","0","0","0","0","MULTI_MAX_STATES","MULTI_MAX_STATES"
"010","491","4","3","T2","TOP:27","204","65536","0","65536","0","0","0","0","MULTI_MAX_STATES","MULTI_MAX_STATES"
"010","492","4","3","T2","TOP:44","221","65536","0","65536","0","0","0","0","MULTI_MAX_STATES","MULTI_MAX_STATES"
"010","493","4","3","T2","TOP:45","222","65536","0","65536","0","0","0","0","MULTI_MAX_STATES","MULTI_MAX_STATES"
"010","494","4","3","T2","TOP:56","233","65536","0","65536","0","0","0","0","MULTI_MAX_STATES","MULTI_MAX_STATES"
"010","495","4","3","T2","TOP:66","243","65536","0","65536","0","0","0","0","MULTI_MAX_STATES","MULTI_MAX_STATES"
"010","496","4","3","T2","TOP:226","403","65536","0","65536","0","0","0","0","MULTI_MAX_STATES","MULTI_MAX_STATES"
"010","497","4","3","T2","TOP:255","432","65536","0","65536","0","0","0","0","MULTI_MAX_STATES","MULTI_MAX_STATES"
"010","498","4","3","T2","TOP:265","442","65536","0","65536","0","0","0","0","MULTI_MAX_STATES","MULTI_MAX_STATES"
"010","499","4","3","T2","TOP:268","445","65536","0","65536","0","0","0","0","MULTI_MAX_STATES","MULTI_MAX_STATES"
"010","500","4","3","T2","TOP:269","446","65536","0","65536","0","0","0","0","MULTI_MAX_STATES","MULTI_MAX_STATES"
"010","501","4","3","T2","TOP:277","454","65536","0","65536","0","0","0","0","MULTI_MAX_STATES","MULTI_MAX_STATES"
"010","502","4","3","T2","TOP:289","466","65536","0","65536","0","0","0","0","MULTI_MAX_STATES","MULTI_MAX_STATES"
"010","503","4","3","T2","TOP:302","479","65536","0","65536","0","0","0","0","MULTI_MAX_STATES","MULTI_MAX_STATES"
"010","504","4","3","T2","TOP:324","501","65536","0","65536","0","0","0","0","MULTI_MAX_STATES","MULTI_MAX_STATES"
"010","505","4","3","T2","TOP:340","517","65536","0","65536","0","0","0","0","MULTI_MAX_STATES","MULTI_MAX_STATES"
"010","506","4","3","T2","TOP:354","531","65536","0","65536","0","0","0","0","MULTI_MAX_STATES","MULTI_MAX_STATES"
"010","507","4","3","T2","TOP:370","547","65536","0","65536","0","0","0","0","MULTI_MAX_STATES","MULTI_MAX_STATES"
"010","508","4","3","T2","TOP:411","588","65536","0","65536","0","0","0","0","MULTI_MAX_STATES","MULTI_MAX_STATES"
"010","509","4","4","B3","BOTTOM:0","177","65536","0","65536","0","0","0","0","MULTI_MAX_STATES","MULTI_MAX_STATES"
"010","510","4","4","B3","BOTTOM:1","178","65536","0","65536","0","0","0","0","MULTI_MAX_STATES","MULTI_MAX_STATES"
"010","511","4","4","B3","BOTTOM:2","179","65536","0","65536","0","0","0","0","MULTI_MAX_STATES","MULTI_MAX_STATES"
"010","512","4","4","B3","BOTTOM:3","180","65536","0","65536","0","0","0","0","MULTI_MAX_STATES","MULTI_MAX_STATES"
"010","513","4","4","B3","BOTTOM:4","181","65536","0","65536","0","0","0","0","MULTI_MAX_STATES","MULTI_MAX_STATES"
"010","514","4","4","B3","BOTTOM:5","182","65536","0","65536","0","0","0","0","MULTI_MAX_STATES","MULTI_MAX_STATES"
"010","515","4","4","B3","BOTTOM:6","183","65536","0","65536","0","0","0","0","MULTI_MAX_STATES","MULTI_MAX_STATES"
"010","516","4","4","B3","BOTTOM:7","184","65536","0","65536","0","0","0","0","MULTI_MAX_STATES","MULTI_MAX_STATES"
"010","517","4","4","B3","BOTTOM:8","185","65536","0","65536","0","0","0","0","MULTI_MAX_STATES","MULTI_MAX_STATES"
"010","518","4","4","B3","BOTTOM:9","186","65536","0","65536","0","0","0","0","MULTI_MAX_STATES","MULTI_MAX_STATES"
"010","519","4","4","B3","BOTTOM:10","187","65536","0","65536","0","0","0","0","MULTI_MAX_STATES","MULTI_MAX_STATES"
"010","520","4","4","B3","BOTTOM:11","188","65536","0","65536","0","0","0","0","MULTI_MAX_STATES","MULTI_MAX_STATES"
"010","521","4","4","B3","BOTTOM:12","189","65536","0","65536","0","0","0","0","MULTI_MAX_STATES","MULTI_MAX_STATES"
"010","522","4","4","B3","BOTTOM:13","190","65536","0","65536","0","0","0","0","MULTI_MAX_STATES","MULTI_MAX_STATES"
"010","523","4","4","B3","BOTTOM:14","191","65536","0","65536","0","0","0","0","MULTI_MAX_STATES","MULTI_MAX_STATES"
"010","524","4","4","B3","BOTTOM:15","192","65536","0","65536","0","0","0","0","MULTI_MAX_STATES","MULTI_MAX_STATES"
"010","525","4","4","B3","BOTTOM:16","193","65536","0","65536","0","0","0","0","MULTI_MAX_STATES","MULTI_MAX_STATES"
"010","526","4","4","B3","BOTTOM:17","194","65536","0","65536","0","0","0","0","MULTI_MAX_STATES","MULTI_MAX_STATES"
"010","527","4","4","B3","BOTTOM:40","217","65536","0","65536","0","0","0","0","MULTI_MAX_STATES","MULTI_MAX_STATES"
"010","528","4","4","B3","BOTTOM:60","237","65536","0","65536","0","0","0","0","MULTI_MAX_STATES","MULTI_MAX_STATES"
"010","529","4","4","B3","BOTTOM:75","252","65536","0","65536","0","0","0","0","MULTI_MAX_STATES","MULTI_MAX_STATES"
"010","530","4","4","B3","BOTTOM:92","269","65536","0","65536","0","0","0","0","MULTI_MAX_STATES","MULTI_MAX_STATES"
"010","531","4","4","B3","BOTTOM:93","270","65536","0","65536","0","0","0","0","MULTI_MAX_STATES","MULTI_MAX_STATES"
"010","532","4","4","B3","BOTTOM:94","271","65536","0","65536","0","0","0","0","MULTI_MAX_STATES","MULTI_MAX_STATES"
"010","533","4","4","B3","BOTTOM:95","272","65536","0","65536","0","0","0","0","MULTI_MAX_STATES","MULTI_MAX_STATES"
"010","534","4","4","B3","BOTTOM:96","273","65536","0","65536","0","0","0","0","MULTI_MAX_STATES","MULTI_MAX_STATES"
"010","535","4","4","B3","BOTTOM:97","274","65536","0","65536","0","0","0","0","MULTI_MAX_STATES","MULTI_MAX_STATES"
"010","536","4","4","B3","BOTTOM:98","275","65536","0","65536","0","0","0","0","MULTI_MAX_STATES","MULTI_MAX_STATES"
"010","537","4","4","B3","BOTTOM:99","276","65536","0","65536","0","0","0","0","MULTI_MAX_STATES","MULTI_MAX_STATES"
"010","538","4","4","B3","BOTTOM:119","296","65536","0","65536","0","0","0","0","MULTI_MAX_STATES","MULTI_MAX_STATES"
"010","539","4","4","B3","BOTTOM:133","310","65536","0","65536","0","0","0","0","MULTI_MAX_STATES","MULTI_MAX_STATES"
"010","540","4","4","B3","BOTTOM:241","418","65536","0","65536","0","0","0","0","MULTI_MAX_STATES","MULTI_MAX_STATES"
"010","541","4","4","B3","BOTTOM:242","419","65536","0","65536","0","0","0","0","MULTI_MAX_STATES","MULTI_MAX_STATES"
"010","542","4","4","B3","BOTTOM:259","436","65536","0","65536","0","0","0","0","MULTI_MAX_STATES","MULTI_MAX_STATES"
"010","543","4","4","B3","BOTTOM:268","445","65536","0","65536","0","0","0","0","MULTI_MAX_STATES","MULTI_MAX_STATES"
"010","544","4","4","B3","BOTTOM:285","462","65536","0","65536","0","0","0","0","MULTI_MAX_STATES","MULTI_MAX_STATES"
"010","545","4","4","B3","BOTTOM:310","487","65536","0","65536","0","0","0","0","MULTI_MAX_STATES","MULTI_MAX_STATES"
"010","546","4","4","B3","BOTTOM:311","488","65536","0","65536","0","0","0","0","MULTI_MAX_STATES","MULTI_MAX_STATES"
"010","547","4","4","B3","BOTTOM:312","489","65536","0","65536","0","0","0","0","MULTI_MAX_STATES","MULTI_MAX_STATES"
"010","548","4","4","B3","BOTTOM:313","490","65536","0","65536","0","0","0","0","MULTI_MAX_STATES","MULTI_MAX_STATES"
"010","549","4","4","B3","BOTTOM:314","491","65536","0","65536","0","0","0","0","MULTI_MAX_STATES","MULTI_MAX_STATES"
"010","550","4","4","B3","BOTTOM:315","492","65536","0","65536","0","0","0","0","MULTI_MAX_STATES","MULTI_MAX_STATES"
"010","551","4","4","B3","BOTTOM:316","493","65536","0","65536","0","0","0","0","MULTI_MAX_STATES","MULTI_MAX_STATES"
"010","552","4","4","B3","BOTTOM:344","521","65536","0","65536","0","0","0","0","MULTI_MAX_STATES","MULTI_MAX_STATES"
"010","553","4","4","B3","BOTTOM:366","543","65536","0","65536","0","0","0","0","MULTI_MAX_STATES","MULTI_MAX_STATES"
"010","554","4","4","B3","BOTTOM:386","563","65536","0","65536","0","0","0","0","MULTI_MAX_STATES","MULTI_MAX_STATES"
"010","555","4","4","B3","BOTTOM:412","589","65536","0","65536","0","0","0","0","MULTI_MAX_STATES","MULTI_MAX_STATES"
"010","556","4","5","T3","TOP:27","204","65536","0","65536","0","0","0","0","MULTI_MAX_STATES","MULTI_MAX_STATES"
"010","557","4","5","T3","TOP:44","221","65536","0","65536","0","0","0","0","MULTI_MAX_STATES","MULTI_MAX_STATES"
"010","558","4","5","T3","TOP:45","222","65536","0","65536","0","0","0","0","MULTI_MAX_STATES","MULTI_MAX_STATES"
"010","559","4","5","T3","TOP:56","233","65536","0","65536","0","0","0","0","MULTI_MAX_STATES","MULTI_MAX_STATES"
"010","560","4","5","T3","TOP:66","243","65536","0","65536","0","0","0","0","MULTI_MAX_STATES","MULTI_MAX_STATES"
"010","561","4","5","T3","TOP:92","269","65536","0","65536","0","0","0","0","MULTI_MAX_STATES","MULTI_MAX_STATES"
"010","562","4","5","T3","TOP:114","291","65536","0","65536","0","0","0","0","MULTI_MAX_STATES","MULTI_MAX_STATES"
"010","563","4","5","T3","TOP:124","301","65536","0","65536","0","0","0","0","MULTI_MAX_STATES","MULTI_MAX_STATES"
"010","564","4","5","T3","TOP:139","316","65536","0","65536","0","0","0","0","MULTI_MAX_STATES","MULTI_MAX_STATES"
"010","565","4","5","T3","TOP:148","325","65536","0","65536","0","0","0","0","MULTI_MAX_STATES","MULTI_MAX_STATES"
"010","566","4","5","T3","TOP:289","466","65536","0","65536","0","0","0","0","MULTI_MAX_STATES","MULTI_MAX_STATES"
"010","567","4","5","T3","TOP:302","479","65536","0","65536","0","0","0","0","MULTI_MAX_STATES","MULTI_MAX_STATES"
"010","568","4","5","T3","TOP:324","501","65536","0","65536","0","0","0","0","MULTI_MAX_STATES","MULTI_MAX_STATES"
"010","569","4","5","T3","TOP:340","517","65536","0","65536","0","0","0","0","MULTI_MAX_STATES","MULTI_MAX_STATES"
"010","570","4","5","T3","TOP:354","531","65536","0","65536","0","0","0","0","MULTI_MAX_STATES","MULTI_MAX_STATES"
"010","571","4","5","T3","TOP:370","547","65536","0","65536","0","0","0","0","MULTI_MAX_STATES","MULTI_MAX_STATES"
"010","572","4","5","T3","TOP:411","588","65536","0","65536","0","0","0","0","MULTI_MAX_STATES","MULTI_MAX_STATES"
"010","573","4","6","B4","BOTTOM:0","177","65536","0","65536","0","0","0","0","MULTI_MAX_STATES","MULTI_MAX_STATES"
"010","574","4","6","B4","BOTTOM:1","178","65536","0","65536","0","0","0","0","MULTI_MAX_STATES","MULTI_MAX_STATES"
"010","575","4","6","B4","BOTTOM:2","179","65536","0","65536","0","0","0","0","MULTI_MAX_STATES","MULTI_MAX_STATES"
"010","576","4","6","B4","BOTTOM:3","180","65536","0","65536","0","0","0","0","MULTI_MAX_STATES","MULTI_MAX_STATES"
"010","577","4","6","B4","BOTTOM:4","181","65536","0","65536","0","0","0","0","MULTI_MAX_STATES","MULTI_MAX_STATES"
"010","578","4","6","B4","BOTTOM:5","182","65536","0","65536","0","0","0","0","MULTI_MAX_STATES","MULTI_MAX_STATES"
"010","579","4","6","B4","BOTTOM:6","183","65536","0","65536","0","0","0","0","MULTI_MAX_STATES","MULTI_MAX_STATES"
"010","580","4","6","B4","BOTTOM:7","184","65536","0","65536","0","0","0","0","MULTI_MAX_STATES","MULTI_MAX_STATES"
"010","581","4","6","B4","BOTTOM:8","185","65536","0","65536","0","0","0","0","MULTI_MAX_STATES","MULTI_MAX_STATES"
"010","582","4","6","B4","BOTTOM:9","186","65536","0","65536","0","0","0","0","MULTI_MAX_STATES","MULTI_MAX_STATES"
"010","583","4","6","B4","BOTTOM:10","187","65536","0","65536","0","0","0","0","MULTI_MAX_STATES","MULTI_MAX_STATES"
"010","584","4","6","B4","BOTTOM:11","188","65536","0","65536","0","0","0","0","MULTI_MAX_STATES","MULTI_MAX_STATES"
"010","585","4","6","B4","BOTTOM:12","189","65536","0","65536","0","0","0","0","MULTI_MAX_STATES","MULTI_MAX_STATES"
"010","586","4","6","B4","BOTTOM:13","190","65536","0","65536","0","0","0","0","MULTI_MAX_STATES","MULTI_MAX_STATES"
"010","587","4","6","B4","BOTTOM:14","191","65536","0","65536","0","0","0","0","MULTI_MAX_STATES","MULTI_MAX_STATES"
"010","588","4","6","B4","BOTTOM:15","192","65536","0","65536","0","0","0","0","MULTI_MAX_STATES","MULTI_MAX_STATES"
"010","589","4","6","B4","BOTTOM:16","193","65536","0","65536","0","0","0","0","MULTI_MAX_STATES","MULTI_MAX_STATES"
"010","590","4","6","B4","BOTTOM:17","194","65536","0","65536","0","0","0","0","MULTI_MAX_STATES","MULTI_MAX_STATES"
"010","591","4","6","B4","BOTTOM:40","217","65536","0","65536","0","0","0","0","MULTI_MAX_STATES","MULTI_MAX_STATES"
"010","592","4","6","B4","BOTTOM:60","237","65536","0","65536","0","0","0","0","MULTI_MAX_STATES","MULTI_MAX_STATES"
"010","593","4","6","B4","BOTTOM:75","252","65536","0","65536","0","0","0","0","MULTI_MAX_STATES","MULTI_MAX_STATES"
"010","594","4","6","B4","BOTTOM:92","269","65536","0","65536","0","0","0","0","MULTI_MAX_STATES","MULTI_MAX_STATES"
"010","595","4","6","B4","BOTTOM:93","270","65536","0","65536","0","0","0","0","MULTI_MAX_STATES","MULTI_MAX_STATES"
"010","596","4","6","B4","BOTTOM:94","271","65536","0","65536","0","0","0","0","MULTI_MAX_STATES","MULTI_MAX_STATES"
"010","597","4","6","B4","BOTTOM:95","272","65536","0","65536","0","0","0","0","MULTI_MAX_STATES","MULTI_MAX_STATES"
"010","598","4","6","B4","BOTTOM:96","273","65536","0","65536","0","0","0","0","MULTI_MAX_STATES","MULTI_MAX_STATES"
"010","599","4","6","B4","BOTTOM:97","274","65536","0","65536","0","0","0","0","MULTI_MAX_STATES","MULTI_MAX_STATES"
"010","600","4","6","B4","BOTTOM:98","275","65536","0","65536","0","0","0","0","MULTI_MAX_STATES","MULTI_MAX_STATES"
"010","601","4","6","B4","BOTTOM:99","276","65536","0","65536","0","0","0","0","MULTI_MAX_STATES","MULTI_MAX_STATES"
"010","602","4","6","B4","BOTTOM:119","296","65536","0","65536","0","0","0","0","MULTI_MAX_STATES","MULTI_MAX_STATES"
"010","603","4","6","B4","BOTTOM:133","310","65536","0","65536","0","0","0","0","MULTI_MAX_STATES","MULTI_MAX_STATES"
"010","604","4","6","B4","BOTTOM:156","333","65536","0","65536","0","0","0","0","MULTI_MAX_STATES","MULTI_MAX_STATES"
"010","605","4","6","B4","BOTTOM:171","348","65536","0","65536","0","0","0","0","MULTI_MAX_STATES","MULTI_MAX_STATES"
"010","606","4","6","B4","BOTTOM:172","349","65536","0","65536","0","0","0","0","MULTI_MAX_STATES","MULTI_MAX_STATES"
"010","607","4","6","B4","BOTTOM:173","350","65536","0","65536","0","0","0","0","MULTI_MAX_STATES","MULTI_MAX_STATES"
"010","608","4","6","B4","BOTTOM:195","372","65536","0","65536","0","0","0","0","MULTI_MAX_STATES","MULTI_MAX_STATES"
"010","609","4","6","B4","BOTTOM:208","385","65536","0","65536","0","0","0","0","MULTI_MAX_STATES","MULTI_MAX_STATES"
"010","610","4","6","B4","BOTTOM:310","487","65536","0","65536","0","0","0","0","MULTI_MAX_STATES","MULTI_MAX_STATES"
"010","611","4","6","B4","BOTTOM:311","488","65536","0","65536","0","0","0","0","MULTI_MAX_STATES","MULTI_MAX_STATES"
"010","612","4","6","B4","BOTTOM:312","489","65536","0","65536","0","0","0","0","MULTI_MAX_STATES","MULTI_MAX_STATES"
"010","613","4","6","B4","BOTTOM:313","490","65536","0","65536","0","0","0","0","MULTI_MAX_STATES","MULTI_MAX_STATES"
"010","614","4","6","B4","BOTTOM:314","491","65536","0","65536","0","0","0","0","MULTI_MAX_STATES","MULTI_MAX_STATES"
"010","615","4","6","B4","BOTTOM:315","492","65536","0","65536","0","0","0","0","MULTI_MAX_STATES","MULTI_MAX_STATES"
"010","616","4","6","B4","BOTTOM:316","493","65536","0","65536","0","0","0","0","MULTI_MAX_STATES","MULTI_MAX_STATES"
"010","617","4","6","B4","BOTTOM:344","521","65536","0","65536","0","0","0","0","MULTI_MAX_STATES","MULTI_MAX_STATES"
"010","618","4","6","B4","BOTTOM:366","543","65536","0","65536","0","0","0","0","MULTI_MAX_STATES","MULTI_MAX_STATES"
"010","619","4","6","B4","BOTTOM:386","563","65536","0","65536","0","0","0","0","MULTI_MAX_STATES","MULTI_MAX_STATES"
"010","620","4","6","B4","BOTTOM:412","589","65536","0","65536","0","0","0","0","MULTI_MAX_STATES","MULTI_MAX_STATES"
"010","621","4","7","T4","TOP:27","204","65536","0","65536","0","0","0","0","MULTI_MAX_STATES","MULTI_MAX_STATES"
"010","622","4","7","T4","TOP:44","221","65536","0","65536","0","0","0","0","MULTI_MAX_STATES","MULTI_MAX_STATES"
"010","623","4","7","T4","TOP:45","222","65536","0","65536","0","0","0","0","MULTI_MAX_STATES","MULTI_MAX_STATES"
"010","624","4","7","T4","TOP:56","233","65536","0","65536","0","0","0","0","MULTI_MAX_STATES","MULTI_MAX_STATES"
"010","625","4","7","T4","TOP:66","243","65536","0","65536","0","0","0","0","MULTI_MAX_STATES","MULTI_MAX_STATES"
"010","626","4","7","T4","TOP:92","269","65536","0","65536","0","0","0","0","MULTI_MAX_STATES","MULTI_MAX_STATES"
"010","627","4","7","T4","TOP:114","291","65536","0","65536","0","0","0","0","MULTI_MAX_STATES","MULTI_MAX_STATES"
"010","628","4","7","T4","TOP:124","301","65536","0","65536","0","0","0","0","MULTI_MAX_STATES","MULTI_MAX_STATES"
"010","629","4","7","T4","TOP:139","316","65536","0","65536","0","0","0","0","MULTI_MAX_STATES","MULTI_MAX_STATES"
"010","630","4","7","T4","TOP:148","325","65536","0","65536","0","0","0","0","MULTI_MAX_STATES","MULTI_MAX_STATES"
"010","631","4","7","T4","TOP:164","341","65536","0","65536","0","0","0","0","MULTI_MAX_STATES","MULTI_MAX_STATES"
"010","632","4","7","T4","TOP:188","365","65536","0","65536","0","0","0","0","MULTI_MAX_STATES","MULTI_MAX_STATES"
"010","633","4","7","T4","TOP:200","377","65536","0","65536","0","0","0","0","MULTI_MAX_STATES","MULTI_MAX_STATES"
"010","634","4","7","T4","TOP:212","389","65536","0","65536","0","0","0","0","MULTI_MAX_STATES","MULTI_MAX_STATES"
"010","635","4","7","T4","TOP:226","403","65536","0","65536","0","0","0","0","MULTI_MAX_STATES","MULTI_MAX_STATES"
"010","636","4","7","T4","TOP:255","432","65536","0","65536","0","0","0","0","MULTI_MAX_STATES","MULTI_MAX_STATES"
"010","637","4","7","T4","TOP:265","442","65536","0","65536","0","0","0","0","MULTI_MAX_STATES","MULTI_MAX_STATES"
"010","638","4","7","T4","TOP:268","445","65536","0","65536","0","0","0","0","MULTI_MAX_STATES","MULTI_MAX_STATES"
"010","639","4","7","T4","TOP:269","446","65536","0","65536","0","0","0","0","MULTI_MAX_STATES","MULTI_MAX_STATES"
"010","640","4","7","T4","TOP:411","588","65536","0","65536","0","0","0","0","MULTI_MAX_STATES","MULTI_MAX_STATES"
"010","641","4","8","B5","BOTTOM:0","177","65536","0","65536","0","0","0","0","MULTI_MAX_STATES","MULTI_MAX_STATES"
"010","642","4","8","B5","BOTTOM:1","178","65536","0","65536","0","0","0","0","MULTI_MAX_STATES","MULTI_MAX_STATES"
"010","643","4","8","B5","BOTTOM:2","179","65536","0","65536","0","0","0","0","MULTI_MAX_STATES","MULTI_MAX_STATES"
"010","644","4","8","B5","BOTTOM:3","180","65536","0","65536","0","0","0","0","MULTI_MAX_STATES","MULTI_MAX_STATES"
"010","645","4","8","B5","BOTTOM:4","181","65536","0","65536","0","0","0","0","MULTI_MAX_STATES","MULTI_MAX_STATES"
"010","646","4","8","B5","BOTTOM:5","182","65536","0","65536","0","0","0","0","MULTI_MAX_STATES","MULTI_MAX_STATES"
"010","647","4","8","B5","BOTTOM:6","183","65536","0","65536","0","0","0","0","MULTI_MAX_STATES","MULTI_MAX_STATES"
"010","648","4","8","B5","BOTTOM:7","184","65536","0","65536","0","0","0","0","MULTI_MAX_STATES","MULTI_MAX_STATES"
"010","649","4","8","B5","BOTTOM:8","185","65536","0","65536","0","0","0","0","MULTI_MAX_STATES","MULTI_MAX_STATES"
"010","650","4","8","B5","BOTTOM:9","186","65536","0","65536","0","0","0","0","MULTI_MAX_STATES","MULTI_MAX_STATES"
"010","651","4","8","B5","BOTTOM:10","187","65536","0","65536","0","0","0","0","MULTI_MAX_STATES","MULTI_MAX_STATES"
"010","652","4","8","B5","BOTTOM:11","188","65536","0","65536","0","0","0","0","MULTI_MAX_STATES","MULTI_MAX_STATES"
"010","653","4","8","B5","BOTTOM:12","189","65536","0","65536","0","0","0","0","MULTI_MAX_STATES","MULTI_MAX_STATES"
"010","654","4","8","B5","BOTTOM:13","190","65536","0","65536","0","0","0","0","MULTI_MAX_STATES","MULTI_MAX_STATES"
"010","655","4","8","B5","BOTTOM:14","191","65536","0","65536","0","0","0","0","MULTI_MAX_STATES","MULTI_MAX_STATES"
"010","656","4","8","B5","BOTTOM:15","192","65536","0","65536","0","0","0","0","MULTI_MAX_STATES","MULTI_MAX_STATES"
"010","657","4","8","B5","BOTTOM:16","193","65536","0","65536","0","0","0","0","MULTI_MAX_STATES","MULTI_MAX_STATES"
"010","658","4","8","B5","BOTTOM:17","194","65536","0","65536","0","0","0","0","MULTI_MAX_STATES","MULTI_MAX_STATES"
"010","659","4","8","B5","BOTTOM:40","217","65536","0","65536","0","0","0","0","MULTI_MAX_STATES","MULTI_MAX_STATES"
"010","660","4","8","B5","BOTTOM:60","237","65536","0","65536","0","0","0","0","MULTI_MAX_STATES","MULTI_MAX_STATES"
"010","661","4","8","B5","BOTTOM:75","252","65536","0","65536","0","0","0","0","MULTI_MAX_STATES","MULTI_MAX_STATES"
"010","662","4","8","B5","BOTTOM:92","269","65536","0","65536","0","0","0","0","MULTI_MAX_STATES","MULTI_MAX_STATES"
"010","663","4","8","B5","BOTTOM:93","270","65536","0","65536","0","0","0","0","MULTI_MAX_STATES","MULTI_MAX_STATES"
"010","664","4","8","B5","BOTTOM:94","271","65536","0","65536","0","0","0","0","MULTI_MAX_STATES","MULTI_MAX_STATES"
"010","665","4","8","B5","BOTTOM:95","272","65536","0","65536","0","0","0","0","MULTI_MAX_STATES","MULTI_MAX_STATES"
"010","666","4","8","B5","BOTTOM:96","273","65536","0","65536","0","0","0","0","MULTI_MAX_STATES","MULTI_MAX_STATES"
"010","667","4","8","B5","BOTTOM:97","274","65536","0","65536","0","0","0","0","MULTI_MAX_STATES","MULTI_MAX_STATES"
"010","668","4","8","B5","BOTTOM:98","275","65536","0","65536","0","0","0","0","MULTI_MAX_STATES","MULTI_MAX_STATES"
"010","669","4","8","B5","BOTTOM:99","276","65536","0","65536","0","0","0","0","MULTI_MAX_STATES","MULTI_MAX_STATES"
"010","670","4","8","B5","BOTTOM:119","296","65536","0","65536","0","0","0","0","MULTI_MAX_STATES","MULTI_MAX_STATES"
"010","671","4","8","B5","BOTTOM:133","310","65536","0","65536","0","0","0","0","MULTI_MAX_STATES","MULTI_MAX_STATES"
"010","672","4","8","B5","BOTTOM:156","333","65536","0","65536","0","0","0","0","MULTI_MAX_STATES","MULTI_MAX_STATES"
"010","673","4","8","B5","BOTTOM:171","348","65536","0","65536","0","0","0","0","MULTI_MAX_STATES","MULTI_MAX_STATES"
"010","674","4","8","B5","BOTTOM:172","349","65536","0","65536","0","0","0","0","MULTI_MAX_STATES","MULTI_MAX_STATES"
"010","675","4","8","B5","BOTTOM:173","350","65536","0","65536","0","0","0","0","MULTI_MAX_STATES","MULTI_MAX_STATES"
"010","676","4","8","B5","BOTTOM:195","372","65536","0","65536","0","0","0","0","MULTI_MAX_STATES","MULTI_MAX_STATES"
"010","677","4","8","B5","BOTTOM:208","385","65536","0","65536","0","0","0","0","MULTI_MAX_STATES","MULTI_MAX_STATES"
"010","678","4","8","B5","BOTTOM:221","398","65536","0","65536","0","0","0","0","MULTI_MAX_STATES","MULTI_MAX_STATES"
"010","679","4","8","B5","BOTTOM:241","418","65536","0","65536","0","0","0","0","MULTI_MAX_STATES","MULTI_MAX_STATES"
"010","680","4","8","B5","BOTTOM:242","419","65536","0","65536","0","0","0","0","MULTI_MAX_STATES","MULTI_MAX_STATES"
"010","681","4","8","B5","BOTTOM:259","436","65536","0","65536","0","0","0","0","MULTI_MAX_STATES","MULTI_MAX_STATES"
"010","682","4","8","B5","BOTTOM:268","445","65536","0","65536","0","0","0","0","MULTI_MAX_STATES","MULTI_MAX_STATES"
"010","683","4","8","B5","BOTTOM:285","462","65536","0","65536","0","0","0","0","MULTI_MAX_STATES","MULTI_MAX_STATES"
"010","684","4","8","B5","BOTTOM:310","487","65536","0","65536","0","0","0","0","MULTI_MAX_STATES","MULTI_MAX_STATES"
"010","685","4","8","B5","BOTTOM:311","488","65536","0","65536","0","0","0","0","MULTI_MAX_STATES","MULTI_MAX_STATES"
"010","686","4","8","B5","BOTTOM:312","489","65536","0","65536","0","0","0","0","MULTI_MAX_STATES","MULTI_MAX_STATES"
